Title,Description,Category,Image URL,Annual Revenue (INR),Funding Raised (INR),Team Size,Founding Year,Location,Startup Valuation (INR),Revenue Growth Over Time (Revenue VS Expenses),Funding Sources,Revenue by Product/Service,Invest or Not Score
Startup_0,Innovative startup focused on growth,E-Commerce,https://dummyimage.com/startup_0,57688830,116546206,198,2008,Hyderabad,2846317213,2.2290451389233,VC,33829905.7667058,62.2222983138923
Startup_1,Innovative startup focused on growth,Finance,https://dummyimage.com/startup_1,44369428,109664778,480,2014,Mumbai,8797354961,2.04512918571796,Crowdfunded,1562339.8709283,60.4517175185718
Startup_2,Innovative startup focused on growth,Technology,https://dummyimage.com/startup_2,15650271,60387253,117,2007,Delhi,1281241943,2.08297406503366,Crowdfunded,29941042.9865239,26.9245817065034
Startup_3,Innovative startup focused on growth,E-Commerce,https://dummyimage.com/startup_3,32725526,313104847,118,2004,Mumbai,1058682846,1.07223651211653,VC,36899002.250787,100
Startup_4,Innovative startup focused on growth,E-Commerce,https://dummyimage.com/startup_4,80348896,69181511,226,2010,Mumbai,3263119785,1.0816138464067,Angel,22803347.0051148,57.5221730846407
Startup_5,Innovative startup focused on growth,Finance,https://dummyimage.com/startup_5,19992383,237512131,170,2001,Mumbai,9063334018,1.0520065744641,Bootstrapped,55046714.5105886,82.7557931574464
Startup_6,Innovative startup focused on growth,Technology,https://dummyimage.com/startup_6,71995266,245298087,439,2014,Bangalore,1912140441,0.934381489155736,VC,3637191.84401303,100
Startup_7,Innovative startup focused on growth,Technology,https://dummyimage.com/startup_7,57877183,308096451,323,2005,Bangalore,227978094,2.13930918140414,Bootstrapped,531213.317260323,100
Startup_8,Innovative startup focused on growth,E-Commerce,https://dummyimage.com/startup_8,85574185,411887863,136,2007,Delhi,1039042955,2.6200397131235,VC,11808663.1935913,100
Startup_9,Innovative startup focused on growth,Healthcare,https://dummyimage.com/startup_9,2989173,158458712,389,2004,Delhi,8803905715,2.31079367419165,Bootstrapped,48036604.5920254,56.7443621674192
Startup_10,Innovative startup focused on growth,E-Commerce,https://dummyimage.com/startup_10,37635193,94580482,268,2015,Bangalore,9543935785,2.48023408440136,Angel,38194174.9907553,49.0362452084401
Startup_11,Innovative startup focused on growth,E-Commerce,https://dummyimage.com/startup_11,33474983,426036994,417,2017,Delhi,6735473142,1.511996072713,Angel,1914263.0253125,100
Startup_12,Innovative startup focused on growth,E-Commerce,https://dummyimage.com/startup_12,34999533,66438362,59,2005,Bangalore,5341752544,2.13518948843,VC,12565220.6171464,35.324840748843
Startup_13,Innovative startup focused on growth,E-Commerce,https://dummyimage.com/startup_13,15716695,183784092,363,2004,Hyderabad,6925844140,1.38559060111194,Crowdfunded,40380941.1344244,68.8204646601112
Startup_14,Innovative startup focused on growth,Finance,https://dummyimage.com/startup_14,92992689,422380767,135,2015,Mumbai,3560967357,1.8137615549216,Bootstrapped,27868374.7747837,100
Startup_15,Innovative startup focused on growth,Technology,https://dummyimage.com/startup_15,92299103,204237297,292,2012,Mumbai,7393453178,1.70408711633716,Crowdfunded,6981259.12584043,100
Startup_16,Innovative startup focused on growth,Finance,https://dummyimage.com/startup_16,64967150,438809212,270,2004,Delhi,5856332150,0.942217862859636,Crowdfunded,21242646.2420454,100
Startup_17,Innovative startup focused on growth,Finance,https://dummyimage.com/startup_17,92499349,290004153,462,2012,Bangalore,767779376,1.46769690083908,Crowdfunded,46573827.5404448,100
Startup_18,Innovative startup focused on growth,Finance,https://dummyimage.com/startup_18,64981206,425553522,471,2016,Bangalore,1545662585,2.90955568870588,Angel,10290709.1102827,100
Startup_19,Innovative startup focused on growth,E-Commerce,https://dummyimage.com/startup_19,65785345,176529362,370,2017,Delhi,4793307665,1.12145064428736,VC,32019538.3989379,86.7850916644287
Startup_20,Innovative startup focused on growth,Healthcare,https://dummyimage.com/startup_20,18882750,309338452,166,2007,Bangalore,4810360983,0.834509340698722,VC,54823913.9861406,100
Startup_21,Innovative startup focused on growth,Technology,https://dummyimage.com/startup_21,79725274,189699652,384,2012,Hyderabad,8034927891,1.54645155405984,Angel,44405449.0040564,96.634650355406
Startup_22,Innovative startup focused on growth,Healthcare,https://dummyimage.com/startup_22,61303849,409376785,485,2018,Mumbai,6987950851,2.47584433965037,Angel,48135273.1789729,100
Startup_23,Innovative startup focused on growth,Finance,https://dummyimage.com/startup_23,11192257,123794587,91,2002,Delhi,3566589567,1.95537057444993,VC,61277176.4246493,43.630815957445
Startup_24,Innovative startup focused on growth,Finance,https://dummyimage.com/startup_24,44167705,420271337,59,2007,Delhi,7529141456,2.20243706809561,Crowdfunded,31492114.0582367,100
Startup_25,Innovative startup focused on growth,Healthcare,https://dummyimage.com/startup_25,95569232,224383356,480,2001,Bangalore,2403082117,0.974237120436693,Bootstrapped,44669793.0985585,100
Startup_26,Innovative startup focused on growth,Healthcare,https://dummyimage.com/startup_26,22130343,137600085,292,2007,Delhi,1725792787,2.0473704825193,Bootstrapped,19071667.9490361,56.1768997482519
Startup_27,Innovative startup focused on growth,Healthcare,https://dummyimage.com/startup_27,41869792,381974484,182,2012,Hyderabad,6765963761,1.30875098727868,Bootstrapped,16011474.2812601,100
Startup_28,Innovative startup focused on growth,Finance,https://dummyimage.com/startup_28,50913224,210230661,395,2012,Bangalore,8095970241,2.58575841488692,Crowdfunded,12231381.4321176,91.5930637414887
Startup_29,Innovative startup focused on growth,Finance,https://dummyimage.com/startup_29,65356138,148847812,353,2000,Bangalore,2579708607,2.07324701502684,VC,45889274.6564612,78.0641235015027
Startup_30,Innovative startup focused on growth,Technology,https://dummyimage.com/startup_30,92959541,369417000,12,2005,Bangalore,3126113008,0.99714069443824,Angel,3767883.97896471,100
Startup_31,Innovative startup focused on growth,Technology,https://dummyimage.com/startup_31,68607727,456229963,325,2018,Bangalore,8886748825,0.661541699610215,VC,29391976.7757192,100
Startup_32,Innovative startup focused on growth,Finance,https://dummyimage.com/startup_32,93642342,350325657,317,2015,Hyderabad,4828765136,0.606583023217582,Crowdfunded,339032.481695814,100
Startup_33,Innovative startup focused on growth,Healthcare,https://dummyimage.com/startup_33,54007836,83537517,251,2007,Bangalore,5588854841,1.42852141912535,Angel,21562828.8379737,51.8272416419125
Startup_34,Innovative startup focused on growth,Healthcare,https://dummyimage.com/startup_34,66541801,491785313,327,2000,Delhi,1666942273,1.16462784163578,Crowdfunded,7713609.50144544,100
Startup_35,Innovative startup focused on growth,Technology,https://dummyimage.com/startup_35,59114585,17099248,476,2015,Hyderabad,5984882440,2.11522530865627,Bootstrapped,7050212.52971655,38.5071309308656
Startup_36,Innovative startup focused on growth,Finance,https://dummyimage.com/startup_36,27658609,15677069,475,2008,Mumbai,9589760430,1.74833458744655,Bootstrapped,30440430.4596155,25.4413977587447
Startup_37,Innovative startup focused on growth,Technology,https://dummyimage.com/startup_37,77294551,345024793,447,2012,Mumbai,9836595589,1.16504819501345,Crowdfunded,3021706.51820949,100
Startup_38,Innovative startup focused on growth,Technology,https://dummyimage.com/startup_38,31024204,281868652,259,2010,Delhi,2883290795,0.87309444487544,Angel,21011793.5543773,100
Startup_39,Innovative startup focused on growth,E-Commerce,https://dummyimage.com/startup_39,83008891,308445658,332,2012,Delhi,9424969473,0.817999406718624,Angel,25507296.0862527,100
Startup_40,Innovative startup focused on growth,E-Commerce,https://dummyimage.com/startup_40,49715257,169844360,58,2020,Hyderabad,3231575764,2.66165098035104,VC,1168624.57860817,72.2655758980351
Startup_41,Innovative startup focused on growth,E-Commerce,https://dummyimage.com/startup_41,23268806,397385049,253,2009,Mumbai,5096775663,1.10869492101217,Bootstrapped,1519502.22919853,100
Startup_42,Innovative startup focused on growth,Healthcare,https://dummyimage.com/startup_42,7512440,213216056,243,2003,Mumbai,6024716023,2.12927661977742,VC,24631827.5863127,72.0427204619778
Startup_43,Innovative startup focused on growth,Finance,https://dummyimage.com/startup_43,13431395,456890990,233,2005,Mumbai,2492080953,2.52671481996567,VC,20665098.0466665,100
Startup_44,Innovative startup focused on growth,Finance,https://dummyimage.com/startup_44,74208492,13457080,71,2006,Mumbai,7335363119,2.03520327796184,Crowdfunded,27574716.3877069,35.3440411277962
Startup_45,Innovative startup focused on growth,Finance,https://dummyimage.com/startup_45,30093907,270658325,55,2004,Mumbai,3432894265,2.64891307911736,Crowdfunded,37309243.8046172,94.5999516079117
Startup_46,Innovative startup focused on growth,Finance,https://dummyimage.com/startup_46,37253447,352152366,101,2010,Bangalore,5749827836,1.48098430382119,VC,7079152.80814173,100
Startup_47,Innovative startup focused on growth,E-Commerce,https://dummyimage.com/startup_47,63134783,51066487,96,2012,Delhi,1249938334,2.89055547662237,Bootstrapped,29427697.4734742,42.7829148476622
Startup_48,Innovative startup focused on growth,Healthcare,https://dummyimage.com/startup_48,94560813,138343082,499,2018,Bangalore,1451531223,0.832862510445242,Crowdfunded,43128863.3679638,89.3905360510445
Startup_49,Innovative startup focused on growth,Healthcare,https://dummyimage.com/startup_49,63460303,198020478,268,2022,Mumbai,7210054933,0.755373824143845,VC,18333153.0428175,90.2258019824144
Startup_50,Innovative startup focused on growth,E-Commerce,https://dummyimage.com/startup_50,84831437,10818159,422,2009,Hyderabad,2070753705,2.14673036551861,VC,38749300.1281825,45.8326955365519
Startup_51,Innovative startup focused on growth,Healthcare,https://dummyimage.com/startup_51,65447435,263327868,295,2009,Hyderabad,1237651678,2.85707785353315,VC,45457687.7832689,100
Startup_52,Innovative startup focused on growth,E-Commerce,https://dummyimage.com/startup_52,50895282,12145552,100,2010,Mumbai,9749191672,2.52220865409082,VC,43994188.6124547,26.2539992654091
Startup_53,Innovative startup focused on growth,Finance,https://dummyimage.com/startup_53,3503771,116438617,92,2020,Mumbai,9818401212,0.691042148595129,VC,17541369.9693171,38.2421977148595
Startup_54,Innovative startup focused on growth,E-Commerce,https://dummyimage.com/startup_54,71286689,242382656,82,2006,Hyderabad,6905745017,1.19841928483679,VC,47589427.5894076,100
Startup_55,Innovative startup focused on growth,Finance,https://dummyimage.com/startup_55,1996161,363997767,292,2017,Bangalore,6110379415,2.82579721209456,Crowdfunded,6794969.03761768,100
Startup_56,Innovative startup focused on growth,Finance,https://dummyimage.com/startup_56,5183839,418806178,124,2003,Bangalore,4384391408,1.13264608200196,Bootstrapped,28298364.265216,100
Startup_57,Innovative startup focused on growth,Technology,https://dummyimage.com/startup_57,68775190,256640828,306,2001,Mumbai,6583366056,2.4529260594673,VC,8134846.14318274,100
Startup_58,Innovative startup focused on growth,E-Commerce,https://dummyimage.com/startup_58,68758014,478845171,495,2013,Bangalore,570939445,2.56283048982176,Angel,28153643.7606885,100
Startup_59,Innovative startup focused on growth,Technology,https://dummyimage.com/startup_59,21153173,363277582,404,2012,Hyderabad,2794860228,1.73863025865245,Crowdfunded,19349187.5903561,100
Startup_60,Innovative startup focused on growth,E-Commerce,https://dummyimage.com/startup_60,68227698,158155630,456,2011,Bangalore,4667816720,1.46587227462079,Crowdfunded,6034644.25945142,84.0043554274621
Startup_61,Innovative startup focused on growth,E-Commerce,https://dummyimage.com/startup_61,49939582,211632759,169,2006,Mumbai,8673276057,1.6253110810494,VC,28480314.2117849,87.0081916081049
Startup_62,Innovative startup focused on growth,Technology,https://dummyimage.com/startup_62,57224957,471397653,186,2001,Hyderabad,6667496105,1.06741173591341,Crowdfunded,8563549.12065279,100
Startup_63,Innovative startup focused on growth,Technology,https://dummyimage.com/startup_63,23725756,478241869,473,2012,Bangalore,8739245200,2.72347729032211,VC,3560608.45176353,100
Startup_64,Innovative startup focused on growth,E-Commerce,https://dummyimage.com/startup_64,72531065,43758171,402,2013,Delhi,3195476665,1.62654914182439,Bootstrapped,35759268.3151177,50.3425322141824
Startup_65,Innovative startup focused on growth,Healthcare,https://dummyimage.com/startup_65,2079600,135285389,227,2016,Hyderabad,7147877267,2.70614860114025,Bootstrapped,12803740.4615549,46.228071560114
Startup_66,Innovative startup focused on growth,Finance,https://dummyimage.com/startup_66,27191539,376958743,315,2008,Hyderabad,4874080233,0.764233699765685,Crowdfunded,57999249.6210112,100
Startup_67,Innovative startup focused on growth,Technology,https://dummyimage.com/startup_67,33576169,411238337,436,2016,Delhi,1967302554,2.97068817750033,Crowdfunded,59515036.4413231,100
Startup_68,Innovative startup focused on growth,Finance,https://dummyimage.com/startup_68,44381573,268754137,470,2007,Delhi,2048728483,1.60818271860905,Angel,53618743.8238296,100
Startup_69,Innovative startup focused on growth,Healthcare,https://dummyimage.com/startup_69,95555918,158553165,11,2001,Hyderabad,9457238580,0.619577050985264,Crowdfunded,29634509.635347,86.0702744050985
Startup_70,Innovative startup focused on growth,Healthcare,https://dummyimage.com/startup_70,71612021,98663674,334,2012,Delhi,4019706735,0.595054620593637,Angel,19433285.4532142,64.9834160620594
Startup_71,Innovative startup focused on growth,Healthcare,https://dummyimage.com/startup_71,26050090,11466615,267,2002,Mumbai,2715507143,2.3655181437046,Bootstrapped,45895077.1651776,19.4365723143705
Startup_72,Innovative startup focused on growth,Technology,https://dummyimage.com/startup_72,9849851,35861938,165,2015,Mumbai,5051406973,2.1475888355092,Bootstrapped,11813418.4547351,18.2132806835509
Startup_73,Innovative startup focused on growth,Healthcare,https://dummyimage.com/startup_73,61779108,380458566,155,2005,Mumbai,3374958945,2.50532639531897,VC,17734091.2866505,100
Startup_74,Innovative startup focused on growth,Technology,https://dummyimage.com/startup_74,96534048,267998786,89,2018,Hyderabad,8692390865,0.763418834882015,Bootstrapped,18005867.0734709,100
Startup_75,Innovative startup focused on growth,Healthcare,https://dummyimage.com/startup_75,67009351,87787694,151,2006,Delhi,5787206971,0.588927167588871,Angel,30785844.1563044,56.2189413167589
Startup_76,Innovative startup focused on growth,Finance,https://dummyimage.com/startup_76,86871668,406619606,116,2009,Delhi,183651970,1.77144822361895,Crowdfunded,8580838.49580011,100
Startup_77,Innovative startup focused on growth,Finance,https://dummyimage.com/startup_77,93526139,51154221,385,2008,Bangalore,8385415473,1.46898807870692,VC,36713111.674441,60.6036207078707
Startup_78,Innovative startup focused on growth,E-Commerce,https://dummyimage.com/startup_78,85890726,138926382,407,2001,Bangalore,1420763135,1.65486734167739,Angel,34128210.7536005,84.3396917341677
Startup_79,Innovative startup focused on growth,Finance,https://dummyimage.com/startup_79,99129091,131876923,40,2014,Delhi,348786714,2.97897102217569,Crowdfunded,18691472.8283799,80.3126104022176
Startup_80,Innovative startup focused on growth,E-Commerce,https://dummyimage.com/startup_80,88753580,461300268,289,2004,Delhi,4167116918,2.92687489417668,VC,29452133.690681,100
Startup_81,Innovative startup focused on growth,Finance,https://dummyimage.com/startup_81,30549535,312008761,192,2021,Delhi,9057813353,2.85578847418298,Bootstrapped,17140797.5707787,100
Startup_82,Innovative startup focused on growth,Technology,https://dummyimage.com/startup_82,1449395,448306533,86,2003,Hyderabad,3389233844,2.45960669191918,Angel,34256726.9772203,100
Startup_83,Innovative startup focused on growth,Finance,https://dummyimage.com/startup_83,22921117,141090082,6,2019,Delhi,9241371741,1.38710340064223,Crowdfunded,10457876.3777706,51.7541817400642
Startup_84,Innovative startup focused on growth,E-Commerce,https://dummyimage.com/startup_84,41308782,96192946,389,2003,Bangalore,2461388464,1.53032732565693,VC,1738429.29595282,53.3144293325657
Startup_85,Innovative startup focused on growth,E-Commerce,https://dummyimage.com/startup_85,52592034,451409663,307,2017,Hyderabad,9828344131,1.87404010929731,VC,20747666.9782256,100
Startup_86,Innovative startup focused on growth,Healthcare,https://dummyimage.com/startup_86,54386038,83649048,201,2003,Delhi,9553871839,2.5763361410121,Bootstrapped,13391187.0454067,51.1267632141012
Startup_87,Innovative startup focused on growth,Technology,https://dummyimage.com/startup_87,58351079,483776694,408,2016,Bangalore,5733778586,0.671782081295669,Crowdfunded,46095073.850718,100
Startup_88,Innovative startup focused on growth,Finance,https://dummyimage.com/startup_88,32530803,10810404,15,2011,Hyderabad,7186172302,1.56074221471222,Bootstrapped,19972773.4426381,16.7115166214712
Startup_89,Innovative startup focused on growth,Healthcare,https://dummyimage.com/startup_89,34266319,247032411,238,2021,Delhi,6617938612,0.706544158648172,Bootstrapped,10047051.1727911,92.6469053158648
Startup_90,Innovative startup focused on growth,Finance,https://dummyimage.com/startup_90,31503180,87205129,390,2016,Delhi,619709079,1.78664396643378,Crowdfunded,21210927.2976276,46.7414750966434
Startup_91,Innovative startup focused on growth,Finance,https://dummyimage.com/startup_91,4379569,275727974,199,2009,Delhi,1065067727,2.74725206001559,Crowdfunded,19569071.0874379,88.7249450060016
Startup_92,Innovative startup focused on growth,Healthcare,https://dummyimage.com/startup_92,71009467,310577656,475,2021,Hyderabad,1552066459,2.45621231140985,Crowdfunded,32467472.3296229,100
Startup_93,Innovative startup focused on growth,Healthcare,https://dummyimage.com/startup_93,45910237,390596432,123,2000,Bangalore,9678269843,1.06960604385778,Angel,10355207.8919237,100
Startup_94,Innovative startup focused on growth,Healthcare,https://dummyimage.com/startup_94,43165906,372291366,400,2021,Bangalore,1045826486,2.93997712399698,Crowdfunded,23013554.4128756,100
Startup_95,Innovative startup focused on growth,Healthcare,https://dummyimage.com/startup_95,60855504,384129685,24,2017,Mumbai,8994847574,2.16837599511607,VC,29351033.1914688,100
Startup_96,Innovative startup focused on growth,Healthcare,https://dummyimage.com/startup_96,90473854,333848601,265,2017,Delhi,2810566582,0.526069248493508,Bootstrapped,14990982.4290542,100
Startup_97,Innovative startup focused on growth,Finance,https://dummyimage.com/startup_97,7319707,152765117,297,2013,Mumbai,1083297492,1.13853371171305,Angel,12738340.7485855,54.8112712711713
Startup_98,Innovative startup focused on growth,Healthcare,https://dummyimage.com/startup_98,69532150,465785944,426,2014,Mumbai,3988749350,1.15178324979979,Crowdfunded,4946085.04742489,100
Startup_99,Innovative startup focused on growth,Technology,https://dummyimage.com/startup_99,4695961,67689168,260,2011,Bangalore,8087073217,0.67313576571465,Angel,45866431.3132362,27.4524483765715
Startup_100,Innovative startup focused on growth,E-Commerce,https://dummyimage.com/startup_100,79911293,400117836,226,2003,Hyderabad,8994264595,2.89956629518982,Crowdfunded,44155793.4902264,100
Startup_101,Innovative startup focused on growth,Healthcare,https://dummyimage.com/startup_101,95766206,402976531,397,2002,Hyderabad,5417189421,1.69563823643981,Angel,17385255.6370134,100
Startup_102,Innovative startup focused on growth,Healthcare,https://dummyimage.com/startup_102,37396424,426072664,230,2019,Bangalore,7268204967,2.73953649342971,Bootstrapped,26075536.1459497,100
Startup_103,Innovative startup focused on growth,Finance,https://dummyimage.com/startup_103,5294539,233367683,57,2011,Hyderabad,9610074682,1.30553875861157,Bootstrapped,4222811.80192598,73.3986743758612
Startup_104,Innovative startup focused on growth,Healthcare,https://dummyimage.com/startup_104,12609076,452419529,432,2006,Mumbai,9258209647,0.813083926082068,VC,34632974.7359089,100
Startup_105,Innovative startup focused on growth,Healthcare,https://dummyimage.com/startup_105,74204793,169239170,359,2010,Delhi,2130106617,1.68584027476553,VC,51652161.1654665,87.8022522274766
Startup_106,Innovative startup focused on growth,Healthcare,https://dummyimage.com/startup_106,39498937,103318312,346,2000,Bangalore,7764882079,0.784891586785793,Crowdfunded,26925546.3248848,53.7935575586786
Startup_107,Innovative startup focused on growth,Finance,https://dummyimage.com/startup_107,1803328,450176721,368,2005,Delhi,7863140509,1.71503875744385,Bootstrapped,43364266.1131769,100
Startup_108,Innovative startup focused on growth,Healthcare,https://dummyimage.com/startup_108,21840174,374319790,284,2014,Hyderabad,917804383,2.80074295304852,Angel,8353058.89430421,100
Startup_109,Innovative startup focused on growth,E-Commerce,https://dummyimage.com/startup_109,2043233,362634019,85,2014,Delhi,9106249259,1.80192035458553,Angel,41237186.7678964,100
Startup_110,Innovative startup focused on growth,Finance,https://dummyimage.com/startup_110,91354783,160371374,206,2018,Hyderabad,6246318035,2.04124931723771,Angel,61675207.6643584,88.9774503317238
Startup_111,Innovative startup focused on growth,E-Commerce,https://dummyimage.com/startup_111,78209213,481273877,162,2010,Hyderabad,6214223633,0.891596092434521,VC,26392407.1757424,100
Startup_112,Innovative startup focused on growth,Finance,https://dummyimage.com/startup_112,1529525,373979745,124,2022,Mumbai,3231356954,0.609339064699924,Angel,34575230.9766836,100
Startup_113,Innovative startup focused on growth,Healthcare,https://dummyimage.com/startup_113,17953831,249001134,63,2001,Hyderabad,522701550,0.777019905449518,VC,26235908.0199459,83.219574590545
Startup_114,Innovative startup focused on growth,E-Commerce,https://dummyimage.com/startup_114,57996736,372666855,498,2013,Mumbai,3800855390,1.99632893921091,VC,37652941.2282467,100
Startup_115,Innovative startup focused on growth,Finance,https://dummyimage.com/startup_115,75583311,244350896,219,2001,Mumbai,1167970820,0.737529247480762,Crowdfunded,28796081.5928561,100
Startup_116,Innovative startup focused on growth,Technology,https://dummyimage.com/startup_116,72709884,277847339,132,2003,Mumbai,9506875631,1.43998222485328,Angel,26276679.5099626,100
Startup_117,Innovative startup focused on growth,Healthcare,https://dummyimage.com/startup_117,83235366,12082322,228,2016,Bangalore,2026780541,1.87522985114539,Angel,38670715.6413885,41.6663659851145
Startup_118,Innovative startup focused on growth,Finance,https://dummyimage.com/startup_118,4699391,17203305,213,2002,Bangalore,1911967841,1.47163199657462,Bootstrapped,42341417.9993869,11.4479110996575
Startup_119,Innovative startup focused on growth,Technology,https://dummyimage.com/startup_119,78183765,146066408,374,2012,Hyderabad,5591309593,0.909209503663254,Crowdfunded,8867726.46963712,82.6643493503663
Startup_120,Innovative startup focused on growth,Finance,https://dummyimage.com/startup_120,49487260,376581284,119,2008,Mumbai,4065395580,1.18447826878527,Bootstrapped,18453988.8781291,100
Startup_121,Innovative startup focused on growth,Technology,https://dummyimage.com/startup_121,58338102,486684741,213,2006,Bangalore,2463629219,2.82079383212144,Crowdfunded,46966592.7083868,100
Startup_122,Innovative startup focused on growth,Healthcare,https://dummyimage.com/startup_122,71721474,106859763,18,2014,Mumbai,8907209816,2.18995568896589,Angel,1461651.07139849,61.3255140688966
Startup_123,Innovative startup focused on growth,E-Commerce,https://dummyimage.com/startup_123,16192217,90838873,13,2022,Delhi,3690711152,1.74011959669972,VC,3920733.90026182,34.16256065967
Startup_124,Innovative startup focused on growth,Technology,https://dummyimage.com/startup_124,53496015,462946175,44,2010,Delhi,4261807235,0.531787224967234,VC,53761024.0392677,100
Startup_125,Innovative startup focused on growth,Finance,https://dummyimage.com/startup_125,11292658,304990497,454,2019,Delhi,3745120421,2.98103850122368,VC,27361827.9996786,100
Startup_126,Innovative startup focused on growth,Healthcare,https://dummyimage.com/startup_126,34698788,456681975,241,2001,Hyderabad,5109268066,2.17863733723661,VC,4658565.03280336,100
Startup_127,Innovative startup focused on growth,Technology,https://dummyimage.com/startup_127,62819576,479954348,285,2014,Mumbai,6480780055,1.29230619336236,VC,25820148.3552989,100
Startup_128,Innovative startup focused on growth,Finance,https://dummyimage.com/startup_128,96875021,346094085,363,2013,Delhi,351837136,2.6981716499946,Bootstrapped,31863210.6488181,100
Startup_129,Innovative startup focused on growth,Finance,https://dummyimage.com/startup_129,64362116,455299364,205,2019,Bangalore,1727677155,1.14607905072955,Crowdfunded,19508728.3617209,100
Startup_130,Innovative startup focused on growth,Finance,https://dummyimage.com/startup_130,2748014,253079480,250,2021,Delhi,8626836552,1.86004144795688,Angel,31466645.7912834,82.2090537447957
Startup_131,Innovative startup focused on growth,Technology,https://dummyimage.com/startup_131,41711152,483010400,282,2010,Delhi,6349213370,2.09017690932456,Bootstrapped,37282830.3272855,100
Startup_132,Innovative startup focused on growth,Technology,https://dummyimage.com/startup_132,51296557,33359860,239,2002,Delhi,7480507338,1.05265842863432,Crowdfunded,15269980.7774677,35.4118466428634
Startup_133,Innovative startup focused on growth,Technology,https://dummyimage.com/startup_133,47216125,438152405,498,2016,Hyderabad,764847319,2.94599319700149,VC,37561004.0698921,100
Startup_134,Innovative startup focused on growth,E-Commerce,https://dummyimage.com/startup_134,70397491,431926100,8,2011,Bangalore,1374350418,2.37047976494749,Crowdfunded,24118056.0479256,100
Startup_135,Innovative startup focused on growth,Technology,https://dummyimage.com/startup_135,82949124,120654085,158,2020,Mumbai,4260575046,1.89453306377767,Crowdfunded,12660738.8511482,72.7253284063778
Startup_136,Innovative startup focused on growth,Technology,https://dummyimage.com/startup_136,24295179,496453765,446,2014,Bangalore,2428710672,0.951486495438252,VC,43393294.5950097,100
Startup_137,Innovative startup focused on growth,Technology,https://dummyimage.com/startup_137,74706383,485514415,33,2015,Mumbai,7607497883,0.634645517495065,VC,41889162.4412591,100
Startup_138,Innovative startup focused on growth,E-Commerce,https://dummyimage.com/startup_138,18541337,154250307,113,2004,Hyderabad,345522987,1.30014958130246,VC,51214604.8599163,56.0816418581302
Startup_139,Innovative startup focused on growth,Technology,https://dummyimage.com/startup_139,58399769,434007965,102,2019,Hyderabad,6903990970,2.38296833978351,Angel,24126606.1469981,100
Startup_140,Innovative startup focused on growth,Finance,https://dummyimage.com/startup_140,99208175,265428362,219,2005,Hyderabad,776168421,1.17332824575506,VC,44308105.7384444,100
Startup_141,Innovative startup focused on growth,Technology,https://dummyimage.com/startup_141,21279846,378474493,297,2018,Hyderabad,898112150,1.84889055123876,Angel,44762886.9394887,100
Startup_142,Innovative startup focused on growth,Finance,https://dummyimage.com/startup_142,11970723,151732605,79,2004,Mumbai,2655656321,2.31986794182686,VC,1701994.95329,52.1200574941827
Startup_143,Innovative startup focused on growth,Finance,https://dummyimage.com/startup_143,73807712,240937885,330,2002,Delhi,5405160342,0.769859286616161,Angel,3146516.66278256,100
Startup_144,Innovative startup focused on growth,Finance,https://dummyimage.com/startup_144,73193785,208763038,150,2000,Mumbai,9747421460,2.21324504028968,Crowdfunded,55569486.7249135,95.127749904029
Startup_145,Innovative startup focused on growth,E-Commerce,https://dummyimage.com/startup_145,95919177,240029911,132,2005,Bangalore,2653440342,0.729677219275112,Bootstrapped,30473233.7855801,100
Startup_146,Innovative startup focused on growth,E-Commerce,https://dummyimage.com/startup_146,51018037,94481782,345,2014,Hyderabad,2760223333,2.91282435531749,Crowdfunded,55126516.0789595,55.9430318355318
Startup_147,Innovative startup focused on growth,E-Commerce,https://dummyimage.com/startup_147,44351876,397485768,46,2001,Hyderabad,6640301973,1.72098532516235,Crowdfunded,46649445.152486,100
Startup_148,Innovative startup focused on growth,Technology,https://dummyimage.com/startup_148,51166883,345601334,360,2002,Bangalore,8409500117,0.876690269274693,VC,33213686.8092018,100
Startup_149,Innovative startup focused on growth,Finance,https://dummyimage.com/startup_149,61361505,222772674,45,2016,Mumbai,9567221176,1.35595909008387,Angel,41232164.9865493,92.4120001090084
Startup_150,Innovative startup focused on growth,E-Commerce,https://dummyimage.com/startup_150,47787763,106275634,426,2011,Delhi,7470987661,1.53354112323815,Bootstrapped,1854775.19385221,59.6711495123238
Startup_151,Innovative startup focused on growth,E-Commerce,https://dummyimage.com/startup_151,66732489,79350878,38,2017,Delhi,5420115677,2.39546252769134,VC,52221529.8227525,51.4978052527691
Startup_152,Innovative startup focused on growth,Technology,https://dummyimage.com/startup_152,4693305,153028199,21,2014,Bangalore,1799887270,2.35855946519152,VC,6176100.68080402,48.4416376465192
Startup_153,Innovative startup focused on growth,E-Commerce,https://dummyimage.com/startup_153,14470137,310072100,169,2011,Delhi,5683444930,2.02985126334333,VC,3064407.32955821,100
Startup_154,Innovative startup focused on growth,Technology,https://dummyimage.com/startup_154,5466271,462187619,157,2015,Mumbai,411570307,0.764826781396232,Crowdfunded,50993823.5560199,100
Startup_155,Innovative startup focused on growth,Healthcare,https://dummyimage.com/startup_155,55717184,482203422,490,2007,Mumbai,4378201677,0.878923428969184,Angel,52143390.1595502,100
Startup_156,Innovative startup focused on growth,E-Commerce,https://dummyimage.com/startup_156,35907127,93815365,382,2013,Bangalore,9004586976,0.734392301613892,Angel,25927942.6086756,50.2208995301614
Startup_157,Innovative startup focused on growth,Healthcare,https://dummyimage.com/startup_157,11495300,99164033,80,2016,Mumbai,9605425387,1.94293195821888,Bootstrapped,30347055.0364549,36.1416230958219
Startup_158,Innovative startup focused on growth,Technology,https://dummyimage.com/startup_158,29709379,327410707,91,2020,Hyderabad,1239027119,2.69284610377851,Angel,18051228.2880872,100
Startup_159,Innovative startup focused on growth,Finance,https://dummyimage.com/startup_159,95923791,406747419,121,2007,Bangalore,8403285822,1.58450128063693,Angel,32332993.6334842,100
Startup_160,Innovative startup focused on growth,E-Commerce,https://dummyimage.com/startup_160,35654999,183087754,366,2014,Mumbai,3883282817,0.902120434894365,VC,20858236.2572868,76.5985378434894
Startup_161,Innovative startup focused on growth,Technology,https://dummyimage.com/startup_161,28451727,497099331,346,2013,Bangalore,3876436931,1.89510581287242,VC,28874848.3899657,100
Startup_162,Innovative startup focused on growth,Finance,https://dummyimage.com/startup_162,75815222,23763342,473,2017,Delhi,5982074066,2.52938054216427,Crowdfunded,3162519.46874679,47.1680294542164
Startup_163,Innovative startup focused on growth,Finance,https://dummyimage.com/startup_163,29997889,289072325,31,2019,Mumbai,5072484792,2.35428015378233,VC,12431653.1985756,99.5762811153782
Startup_164,Innovative startup focused on growth,Healthcare,https://dummyimage.com/startup_164,49978079,430785205,317,2006,Hyderabad,7416648259,2.70362694918755,VC,16941903.3852886,100
Startup_165,Innovative startup focused on growth,Technology,https://dummyimage.com/startup_165,12726298,34942384,291,2002,Mumbai,8723534576,1.19475524312217,VC,44717182.4948526,21.5127099243122
Startup_166,Innovative startup focused on growth,Finance,https://dummyimage.com/startup_166,85607827,498137245,138,2011,Bangalore,2949232839,0.984884668169437,VC,39447160.6378196,100
Startup_167,Innovative startup focused on growth,E-Commerce,https://dummyimage.com/startup_167,56723671,198085687,223,2020,Bangalore,4971743247,2.69954121485485,Crowdfunded,921240.591113317,86.8451286214855
Startup_168,Innovative startup focused on growth,E-Commerce,https://dummyimage.com/startup_168,90843595,421460517,172,2002,Mumbai,9149650601,2.14390078194506,VC,32992471.2079667,100
Startup_169,Innovative startup focused on growth,Healthcare,https://dummyimage.com/startup_169,57564401,188446194,102,2019,Hyderabad,2476077463,1.27732232501889,Bootstrapped,58523589.9995228,81.7273508325019
Startup_170,Innovative startup focused on growth,Finance,https://dummyimage.com/startup_170,47673570,305347709,272,2013,Hyderabad,5564693977,2.35587012643127,Bootstrapped,3134651.95245388,100
Startup_171,Innovative startup focused on growth,Technology,https://dummyimage.com/startup_171,79547323,234543096,241,2014,Hyderabad,2697724331,2.53779596120092,Bootstrapped,5833194.9216408,100
Startup_172,Innovative startup focused on growth,E-Commerce,https://dummyimage.com/startup_172,16033888,402395905,313,2013,Bangalore,7477088167,2.03744560085283,Bootstrapped,30475959.2460492,100
Startup_173,Innovative startup focused on growth,Finance,https://dummyimage.com/startup_173,90132960,244794766,459,2006,Mumbai,9564378379,2.21971027469979,VC,30108988.7190845,100
Startup_174,Innovative startup focused on growth,Finance,https://dummyimage.com/startup_174,62704882,151481610,398,2016,Delhi,9823736806,1.43814976110667,Bootstrapped,43511663.7167465,78.6302507761107
Startup_175,Innovative startup focused on growth,Healthcare,https://dummyimage.com/startup_175,35958762,308574151,177,2011,Bangalore,6493195616,1.8467391683576,VC,4932026.40696164,100
Startup_176,Innovative startup focused on growth,E-Commerce,https://dummyimage.com/startup_176,18028708,437452377,405,2019,Hyderabad,3733987776,1.81039792681541,Crowdfunded,26098202.6428162,100
Startup_177,Innovative startup focused on growth,E-Commerce,https://dummyimage.com/startup_177,5035851,129759218,414,2003,Mumbai,9086353481,2.62011947782693,Bootstrapped,33931074.999883,49.4841177477827
Startup_178,Innovative startup focused on growth,Technology,https://dummyimage.com/startup_178,48685442,381459180,473,2008,Hyderabad,1288332531,2.59990995070546,Angel,3083999.7651678,100
Startup_179,Innovative startup focused on growth,E-Commerce,https://dummyimage.com/startup_179,35045504,84721515,480,2005,Delhi,4410195918,2.58170117336761,Bootstrapped,56150848.073629,49.2928262173368
Startup_180,Innovative startup focused on growth,Technology,https://dummyimage.com/startup_180,83396202,344930500,194,2015,Hyderabad,3411931853,0.527579035656165,Bootstrapped,3162317.38782674,100
Startup_181,Innovative startup focused on growth,E-Commerce,https://dummyimage.com/startup_181,36610155,267475845,126,2021,Hyderabad,1225089309,2.37386371117222,VC,16125497.8380041,97.6442018711172
Startup_182,Innovative startup focused on growth,Healthcare,https://dummyimage.com/startup_182,30469068,400406489,50,2021,Delhi,7578529823,2.39669097527751,Bootstrapped,2550463.22311096,100
Startup_183,Innovative startup focused on growth,E-Commerce,https://dummyimage.com/startup_183,31185054,317449909,68,2020,Mumbai,141531046,2.19594705713785,Angel,52746716.7079966,100
Startup_184,Innovative startup focused on growth,Technology,https://dummyimage.com/startup_184,10702701,370163075,134,2020,Bangalore,3982343658,2.39066164472863,VC,31672180.1432939,100
Startup_185,Innovative startup focused on growth,Technology,https://dummyimage.com/startup_185,79262145,217622866,314,2001,Mumbai,2443292475,2.60492592874177,VC,23624792.1160459,100
Startup_186,Innovative startup focused on growth,Healthcare,https://dummyimage.com/startup_186,34127676,321004819,367,2007,Delhi,7979525611,1.67579763525446,Crowdfunded,22833643.8537941,100
Startup_187,Innovative startup focused on growth,E-Commerce,https://dummyimage.com/startup_187,3976242,33686304,197,2010,Hyderabad,5031025271,1.75512553372112,Crowdfunded,20112730.2443415,15.8119005533721
Startup_188,Innovative startup focused on growth,E-Commerce,https://dummyimage.com/startup_188,38317456,478803027,311,2012,Mumbai,647374338,0.811785142278476,Bootstrapped,22719762.2659401,100
Startup_189,Innovative startup focused on growth,Healthcare,https://dummyimage.com/startup_189,28812615,129161931,185,2016,Bangalore,5718926823,1.4634397076184,Crowdfunded,38183405.8555668,54.1199692707619
Startup_190,Innovative startup focused on growth,E-Commerce,https://dummyimage.com/startup_190,45653148,494220398,296,2007,Delhi,3796689457,2.10841294977946,Crowdfunded,20644856.9756951,100
Startup_191,Innovative startup focused on growth,E-Commerce,https://dummyimage.com/startup_191,5833177,354175552,375,2020,Mumbai,8255819200,2.45099944036819,Crowdfunded,43333197.3242593,100
Startup_192,Innovative startup focused on growth,Technology,https://dummyimage.com/startup_192,9454561,476109465,286,2017,Bangalore,9592206444,1.04302274422803,VC,24635588.5228303,100
Startup_193,Innovative startup focused on growth,E-Commerce,https://dummyimage.com/startup_193,46932658,77362381,33,2017,Delhi,9761656647,0.844557247898089,VC,26783492.2250334,42.7262332247898
Startup_194,Innovative startup focused on growth,E-Commerce,https://dummyimage.com/startup_194,3597480,166916991,153,2013,Bangalore,4836462531,2.15760501125123,VC,22851442.9693148,54.7898498011251
Startup_195,Innovative startup focused on growth,Healthcare,https://dummyimage.com/startup_195,24151417,375908453,271,2014,Delhi,4093808565,0.504699708812277,Crowdfunded,14770101.6972043,100
Startup_196,Innovative startup focused on growth,Healthcare,https://dummyimage.com/startup_196,40673332,349915492,300,2005,Hyderabad,3813453204,0.945931460768325,VC,17859973.7933589,100
Startup_197,Innovative startup focused on growth,Finance,https://dummyimage.com/startup_197,20699313,27216317,15,2010,Mumbai,3582238042,0.572678450859884,Crowdfunded,12131809.5919302,16.801888145086
Startup_198,Innovative startup focused on growth,Technology,https://dummyimage.com/startup_198,17934380,127111882,168,2012,Bangalore,8180621072,0.917212794637177,VC,2339336.39129131,48.7590378794637
Startup_199,Innovative startup focused on growth,E-Commerce,https://dummyimage.com/startup_199,11617244,245874750,117,2000,Delhi,206456634,0.953298199813763,VC,21206896.0305554,80.8446524199814
Startup_200,Innovative startup focused on growth,E-Commerce,https://dummyimage.com/startup_200,35086263,456868259,191,2005,Bangalore,8392791081,1.46918398687599,Angel,15290738.3868419,100
Startup_201,Innovative startup focused on growth,Finance,https://dummyimage.com/startup_201,71098339,304405900,299,2008,Bangalore,3582141802,1.50581781171639,Bootstrapped,26940316.3825152,100
Startup_202,Innovative startup focused on growth,E-Commerce,https://dummyimage.com/startup_202,51234072,140970538,236,2007,Mumbai,1245921803,2.68565617652559,Crowdfunded,38602816.6735353,67.7733558176526
Startup_203,Innovative startup focused on growth,Technology,https://dummyimage.com/startup_203,96481108,404224834,231,2010,Hyderabad,4859234471,1.77527428124706,Angel,34924705.3520136,100
Startup_204,Innovative startup focused on growth,Finance,https://dummyimage.com/startup_204,4369720,223580384,314,2021,Bangalore,3845927824,2.30851191403072,VC,38580533.8255314,75.3328543914031
Startup_205,Innovative startup focused on growth,Technology,https://dummyimage.com/startup_205,72819939,372962545,102,2018,Delhi,8082597239,0.760343394800719,Crowdfunded,30230315.7825672,100
Startup_206,Innovative startup focused on growth,Finance,https://dummyimage.com/startup_206,92008393,341453367,59,2008,Delhi,1055345537,1.06359688865923,VC,24466954.6119546,100
Startup_207,Innovative startup focused on growth,Finance,https://dummyimage.com/startup_207,74963364,41435721,115,2016,Hyderabad,6371954644,2.25735860244669,Bootstrapped,29654317.1287867,44.9417977602447
Startup_208,Innovative startup focused on growth,Healthcare,https://dummyimage.com/startup_208,3640328,209748804,156,2011,Delhi,1077515194,0.63200990117132,Angel,10398799.5918937,67.5639733901171
Startup_209,Innovative startup focused on growth,Technology,https://dummyimage.com/startup_209,26856919,273193430,250,2013,Hyderabad,8791572571,1.71649415560938,Bootstrapped,7713199.09839959,97.8724460155609
Startup_210,Innovative startup focused on growth,E-Commerce,https://dummyimage.com/startup_210,58658082,211118281,410,2014,Delhi,5224453431,1.99842241415733,Angel,51847597.4137535,95.1985593414157
Startup_211,Innovative startup focused on growth,E-Commerce,https://dummyimage.com/startup_211,94437616,494750443,73,2015,Mumbai,5804841644,2.0053641101312,VC,50660454.6626336,100
Startup_212,Innovative startup focused on growth,Technology,https://dummyimage.com/startup_212,56395426,330554817,316,2021,Bangalore,3812367625,0.557332028170105,Bootstrapped,16064322.0147967,100
Startup_213,Innovative startup focused on growth,E-Commerce,https://dummyimage.com/startup_213,28348975,311757388,293,2021,Mumbai,5593800024,1.30527001057296,Bootstrapped,18765600.6148475,100
Startup_214,Innovative startup focused on growth,E-Commerce,https://dummyimage.com/startup_214,12552291,256857831,254,2019,Bangalore,6697996327,2.09122662762289,VC,31798107.0118578,87.3673883627623
Startup_215,Innovative startup focused on growth,Technology,https://dummyimage.com/startup_215,1070640,258158785,40,2000,Bangalore,4133992825,0.872499340373109,Bootstrapped,29778907.9454343,78.7631414340373
Startup_216,Innovative startup focused on growth,Finance,https://dummyimage.com/startup_216,78498463,378390675,243,2009,Bangalore,8562806178,2.23853912082013,Crowdfunded,59858501.4381337,100
Startup_217,Innovative startup focused on growth,Technology,https://dummyimage.com/startup_217,63976036,20931456,152,2007,Mumbai,9456877531,2.36481302203419,Angel,25986430.3084612,35.1463325022034
Startup_218,Innovative startup focused on growth,Finance,https://dummyimage.com/startup_218,86241611,60376958,471,2017,Bangalore,1240169349,2.95492297611536,Angel,13051815.153628,62.3252240976115
Startup_219,Innovative startup focused on growth,E-Commerce,https://dummyimage.com/startup_219,98684848,243677348,231,2000,Mumbai,9155519996,1.02460498714102,Angel,724586.134326017,100
Startup_220,Innovative startup focused on growth,E-Commerce,https://dummyimage.com/startup_220,4741196,12643208,248,2001,Hyderabad,6261404428,2.56282666916529,Crowdfunded,15428013.9074145,10.9057234669165
Startup_221,Innovative startup focused on growth,E-Commerce,https://dummyimage.com/startup_221,91876182,44928336,495,2000,Delhi,5742201119,1.80074144229664,Angel,42732121.4451603,60.3090477442297
Startup_222,Innovative startup focused on growth,Healthcare,https://dummyimage.com/startup_222,20511512,411765258,341,2000,Delhi,2296545325,1.43365649036043,VC,48726210.4655583,100
Startup_223,Innovative startup focused on growth,Finance,https://dummyimage.com/startup_223,84692386,422620622,450,2008,Bangalore,2576426797,0.805941893312945,Bootstrapped,29428245.8879881,100
Startup_224,Innovative startup focused on growth,Healthcare,https://dummyimage.com/startup_224,41260456,415791575,369,2012,Mumbai,1194024844,2.33876401621884,Crowdfunded,23094112.3168197,100
Startup_225,Innovative startup focused on growth,Healthcare,https://dummyimage.com/startup_225,12720477,456704101,495,2000,Delhi,7439176912,1.08964399785922,Angel,5962344.66430228,100
Startup_226,Innovative startup focused on growth,Technology,https://dummyimage.com/startup_226,14217648,159230518,486,2012,Mumbai,8697198563,1.42855500468261,VC,25525071.5696796,63.3190701004683
Startup_227,Innovative startup focused on growth,Healthcare,https://dummyimage.com/startup_227,23558781,191221730,205,2019,Mumbai,2980327491,0.656355567243421,Bootstrapped,3550814.54936031,70.9556669567243
Startup_228,Innovative startup focused on growth,Technology,https://dummyimage.com/startup_228,60946863,425635997,158,2021,Bangalore,5959286614,2.5034172895488,Bootstrapped,42993265.9527101,100
Startup_229,Innovative startup focused on growth,Technology,https://dummyimage.com/startup_229,63784216,459269790,454,2006,Delhi,3742197907,2.41647130992911,Crowdfunded,20193425.830257,100
Startup_230,Innovative startup focused on growth,Healthcare,https://dummyimage.com/startup_230,33425301,235200880,77,2001,Bangalore,9979808912,2.33403957510578,Crowdfunded,40408924.729696,85.7037883575106
Startup_231,Innovative startup focused on growth,Finance,https://dummyimage.com/startup_231,71373772,433621124,205,2005,Bangalore,6149001493,1.24860877622972,Crowdfunded,19581070.1657511,100
Startup_232,Innovative startup focused on growth,Finance,https://dummyimage.com/startup_232,89146618,347257725,300,2006,Delhi,9959764000,0.933700185664893,VC,13633409.8395174,100
Startup_233,Innovative startup focused on growth,Finance,https://dummyimage.com/startup_233,27778642,387662635,21,2013,Delhi,646696950,2.09388316117557,VC,21826429.2612796,100
Startup_234,Innovative startup focused on growth,Finance,https://dummyimage.com/startup_234,61995760,144959985,133,2017,Hyderabad,8433798503,1.74041596028305,Crowdfunded,4252715.43195695,71.1203410960283
Startup_235,Innovative startup focused on growth,Finance,https://dummyimage.com/startup_235,96499875,249842100,221,2014,Hyderabad,3977520294,0.945631167261604,Angel,24828313.2703778,100
Startup_236,Innovative startup focused on growth,Healthcare,https://dummyimage.com/startup_236,47547339,455697335,65,2001,Mumbai,5687537178,2.21477817762466,Bootstrapped,14715217.4025779,100
Startup_237,Innovative startup focused on growth,Healthcare,https://dummyimage.com/startup_237,91372540,498913290,431,2009,Delhi,4396710795,2.97781607955326,Bootstrapped,21761526.5567564,100
Startup_238,Innovative startup focused on growth,E-Commerce,https://dummyimage.com/startup_238,15573458,273045192,108,2022,Hyderabad,1332285036,2.36804896935509,VC,54234704.0657809,90.5397456969355
Startup_239,Innovative startup focused on growth,Finance,https://dummyimage.com/startup_239,48911176,344605153,46,2011,Mumbai,7206906538,2.34996596671403,Bootstrapped,52788259.2780816,100
Startup_240,Innovative startup focused on growth,Healthcare,https://dummyimage.com/startup_240,30264326,242519179,29,2016,Mumbai,6392076361,2.87578188232648,Angel,31348975.0589358,85.7290622882326
Startup_241,Innovative startup focused on growth,E-Commerce,https://dummyimage.com/startup_241,83896667,19161634,43,2007,Mumbai,9607775130,1.00734091893726,Bootstrapped,8714826.80467008,40.2678910918937
Startup_242,Innovative startup focused on growth,Finance,https://dummyimage.com/startup_242,54953229,286599266,295,2010,Hyderabad,9418753573,1.9138749123036,VC,43274200.23432,100
Startup_243,Innovative startup focused on growth,Technology,https://dummyimage.com/startup_243,89132318,221973568,135,2002,Delhi,4759161352,2.94911678758471,VC,53580394.0620683,100
Startup_244,Innovative startup focused on growth,E-Commerce,https://dummyimage.com/startup_244,57294783,499734375,233,2005,Bangalore,1539622619,0.913235277425436,Angel,53101638.6988205,100
Startup_245,Innovative startup focused on growth,Healthcare,https://dummyimage.com/startup_245,60145779,415879039,112,2008,Mumbai,3326113732,2.2506298986113,Angel,23347998.3369209,100
Startup_246,Innovative startup focused on growth,Technology,https://dummyimage.com/startup_246,47977874,320859605,176,2005,Hyderabad,7284602688,1.96452536492976,Bootstrapped,16803939.0466892,100
Startup_247,Innovative startup focused on growth,Technology,https://dummyimage.com/startup_247,30365614,207564923,439,2008,Hyderabad,955256552,1.96619773047177,Bootstrapped,48869280.1287935,83.3923422730472
Startup_248,Innovative startup focused on growth,Technology,https://dummyimage.com/startup_248,90268367,395401599,482,2006,Bangalore,204906255,2.24417656880019,VC,38417956.2103457,100
Startup_249,Innovative startup focused on growth,E-Commerce,https://dummyimage.com/startup_249,48010676,136353692,106,2008,Bangalore,4707762160,2.82404230718921,Angel,24252157.372328,62.5127822307189
Startup_250,Innovative startup focused on growth,Healthcare,https://dummyimage.com/startup_250,52371106,64446855,358,2017,Hyderabad,9525027564,2.45645484962835,Angel,29376418.7171207,47.6881443849628
Startup_251,Innovative startup focused on growth,Technology,https://dummyimage.com/startup_251,38327243,335753546,16,2011,Delhi,7385786023,0.640340258540525,Angel,62857326.4169703,100
Startup_252,Innovative startup focused on growth,Finance,https://dummyimage.com/startup_252,70426200,195421608,279,2007,Bangalore,6518301077,2.63182004968928,Bootstrapped,46912825.6206998,92.6401444049689
Startup_253,Innovative startup focused on growth,Technology,https://dummyimage.com/startup_253,97435123,3155748,105,2007,Hyderabad,1147905204,1.06385332481433,Angel,21204763.7699493,42.1271589324814
Startup_254,Innovative startup focused on growth,Technology,https://dummyimage.com/startup_254,70872506,330111821,48,2017,Bangalore,1925989011,1.44228541184093,VC,49613283.1429081,100
Startup_255,Innovative startup focused on growth,E-Commerce,https://dummyimage.com/startup_255,11198499,213760379,447,2019,Delhi,6619578899,1.65433203403096,VC,40115420.6060543,77.7129465034031
Startup_256,Innovative startup focused on growth,E-Commerce,https://dummyimage.com/startup_256,38342772,167026013,309,2014,Mumbai,8905620900,1.70226500188267,Bootstrapped,30153353.3044032,71.7951392001883
Startup_257,Innovative startup focused on growth,Healthcare,https://dummyimage.com/startup_257,45362902,323692386,449,2006,Bangalore,3743576871,1.58795099813839,Crowdfunded,22567454.3773668,100
Startup_258,Innovative startup focused on growth,Finance,https://dummyimage.com/startup_258,1197775,169645332,21,2010,Delhi,2060488639,2.84338323553966,Bootstrapped,47099324.6748626,52.077047923554
Startup_259,Innovative startup focused on growth,E-Commerce,https://dummyimage.com/startup_259,36940920,264732388,334,2019,Hyderabad,7837025391,2.26504751916006,Crowdfunded,48751311.7569844,100
Startup_260,Innovative startup focused on growth,Technology,https://dummyimage.com/startup_260,85673574,278346308,61,2015,Bangalore,6952415525,2.07792661489177,Angel,17751329.4749889,100
Startup_261,Innovative startup focused on growth,Healthcare,https://dummyimage.com/startup_261,24614649,476417426,315,2003,Bangalore,8223612497,0.624605069457354,Bootstrapped,8780793.197175,100
Startup_262,Innovative startup focused on growth,Technology,https://dummyimage.com/startup_262,79507230,173645754,307,2005,Hyderabad,6562972995,2.75978332565094,VC,15331139.5548835,90.3125965325651
Startup_263,Innovative startup focused on growth,Technology,https://dummyimage.com/startup_263,18310852,38617741,16,2021,Mumbai,6748059419,2.77347548002099,Angel,15228700.2211961,19.5070106480021
Startup_264,Innovative startup focused on growth,E-Commerce,https://dummyimage.com/startup_264,79535842,100065241,322,2002,Hyderabad,3953479481,2.45053265857526,VC,38473639.9856508,68.5189623658575
Startup_265,Innovative startup focused on growth,Healthcare,https://dummyimage.com/startup_265,55564054,142158973,84,2008,Bangalore,6433678472,0.517573009534048,Angel,13961663.5415259,66.6050708009534
Startup_266,Innovative startup focused on growth,Finance,https://dummyimage.com/startup_266,63989020,468423363,220,2009,Hyderabad,7133702319,0.643200627694058,Bootstrapped,8990818.04618896,100
Startup_267,Innovative startup focused on growth,Finance,https://dummyimage.com/startup_267,31773482,285312152,343,2013,Delhi,6633932947,1.06305925567122,Crowdfunded,33430710.8022784,100
Startup_268,Innovative startup focused on growth,E-Commerce,https://dummyimage.com/startup_268,79733130,10451244,268,2010,Hyderabad,2791864041,0.828373520362267,Angel,42813069.7315365,40.4714625520362
Startup_269,Innovative startup focused on growth,E-Commerce,https://dummyimage.com/startup_269,78273675,380274281,483,2017,Bangalore,5574354351,1.49709007425932,Crowdfunded,60449844.1397319,100
Startup_270,Innovative startup focused on growth,Healthcare,https://dummyimage.com/startup_270,3276360,75926168,153,2021,Hyderabad,9022723063,2.80655764521947,Angel,59226071.0683692,27.4290501645219
Startup_271,Innovative startup focused on growth,Finance,https://dummyimage.com/startup_271,50437769,250031057,85,2011,Mumbai,1327193073,1.6801510854925,VC,9658884.1509104,97.0524398085493
Startup_272,Innovative startup focused on growth,Finance,https://dummyimage.com/startup_272,32665404,287042407,219,2022,Hyderabad,5561974809,0.533506566080414,VC,7066943.19890735,100
Startup_273,Innovative startup focused on growth,Finance,https://dummyimage.com/startup_273,93800518,331491719,489,2011,Mumbai,2419936135,1.20686422394691,Angel,58370034.1205493,100
Startup_274,Innovative startup focused on growth,Technology,https://dummyimage.com/startup_274,86218477,276457318,378,2012,Delhi,694312071,0.611487270932404,Crowdfunded,6517566.43463354,100
Startup_275,Innovative startup focused on growth,Finance,https://dummyimage.com/startup_275,58849484,382317735,468,2012,Mumbai,5388227800,0.590719056533755,Bootstrapped,4949202.30873354,100
Startup_276,Innovative startup focused on growth,Technology,https://dummyimage.com/startup_276,17434343,9351245,202,2018,Hyderabad,3080491761,1.18929963273888,Bootstrapped,20995207.6395383,13.9380406632739
Startup_277,Innovative startup focused on growth,Healthcare,https://dummyimage.com/startup_277,45079273,106945887,204,2018,Bangalore,3134047118,1.18903084669736,VC,29853284.5021276,54.3143783846697
Startup_278,Innovative startup focused on growth,Technology,https://dummyimage.com/startup_278,93992904,377581810,29,2022,Mumbai,4670828113,2.46781650650401,Bootstrapped,838659.453678494,100
Startup_279,Innovative startup focused on growth,Healthcare,https://dummyimage.com/startup_279,41201137,221666277,470,2013,Delhi,6145593274,2.93708663195278,VC,33144250.1262368,92.6740465631953
Startup_280,Innovative startup focused on growth,Finance,https://dummyimage.com/startup_280,73571674,171858336,93,2003,Mumbai,6725464411,1.428017734725,Bootstrapped,7622612.34090376,82.9889721734725
Startup_281,Innovative startup focused on growth,Finance,https://dummyimage.com/startup_281,81497273,274781310,272,2012,Mumbai,1885736751,1.5722171971526,Angel,16856874.2198142,100
Startup_282,Innovative startup focused on growth,Healthcare,https://dummyimage.com/startup_282,93792001,12683982,147,2007,Mumbai,6199469983,2.61197359071505,VC,11797588.5901924,44.5231923590715
Startup_283,Innovative startup focused on growth,E-Commerce,https://dummyimage.com/startup_283,81954884,333800992,63,2022,Delhi,3087248494,1.17034755023878,VC,30841852.1883411,100
Startup_284,Innovative startup focused on growth,Healthcare,https://dummyimage.com/startup_284,58235484,461475032,414,2020,Hyderabad,6028691380,0.89095451100862,Angel,34217902.7498204,100
Startup_285,Innovative startup focused on growth,E-Commerce,https://dummyimage.com/startup_285,96939748,453528272,493,2022,Mumbai,5905759868,2.63272405850913,VC,49552853.3266816,100
Startup_286,Innovative startup focused on growth,Technology,https://dummyimage.com/startup_286,63182821,106546976,369,2018,Mumbai,7631118333,0.616251466100164,Bootstrapped,8269337.71945081,64.67884634661
Startup_287,Innovative startup focused on growth,Technology,https://dummyimage.com/startup_287,77835154,71790126,30,2011,Bangalore,5342173772,2.04924860049854,Bootstrapped,3462207.06652941,53.4760242600499
Startup_288,Innovative startup focused on growth,Technology,https://dummyimage.com/startup_288,81768647,39187510,51,2017,Delhi,5337376063,1.90498211866702,VC,1698156.11121017,45.6742100118667
Startup_289,Innovative startup focused on growth,Finance,https://dummyimage.com/startup_289,84273068,137826817,292,2005,Mumbai,6266868574,1.36480111875424,Bootstrapped,30820875.4976742,81.0337524118754
Startup_290,Innovative startup focused on growth,Technology,https://dummyimage.com/startup_290,24020885,188058125,270,2017,Delhi,4519627962,1.2879738027434,Crowdfunded,42240874.9347892,71.5545888802743
Startup_291,Innovative startup focused on growth,E-Commerce,https://dummyimage.com/startup_291,2286643,287126900,20,2018,Mumbai,216402431,2.42964431545405,VC,41135346.879502,87.6956916315454
Startup_292,Innovative startup focused on growth,Technology,https://dummyimage.com/startup_292,78031056,136171687,203,2021,Hyderabad,7155556030,0.716061526906366,Angel,30830581.1812332,76.1955346526906
Startup_293,Innovative startup focused on growth,Healthcare,https://dummyimage.com/startup_293,42869822,447785639,405,2004,Hyderabad,2082979741,1.09196077327846,Crowdfunded,27837465.7653511,100
Startup_294,Innovative startup focused on growth,Healthcare,https://dummyimage.com/startup_294,7200646,185036390,411,2008,Mumbai,4610938155,2.33112182959522,VC,10665630.5927631,66.8442875829595
Startup_295,Innovative startup focused on growth,Finance,https://dummyimage.com/startup_295,75092760,243786501,286,2002,Hyderabad,6023206003,1.87080145931606,Angel,34492626.7306121,100
Startup_296,Innovative startup focused on growth,Healthcare,https://dummyimage.com/startup_296,15509187,279451845,473,2009,Mumbai,5304041308,0.819970521333966,Bootstrapped,6500585.32036305,99.5812253521334
Startup_297,Innovative startup focused on growth,E-Commerce,https://dummyimage.com/startup_297,28780899,356691074,90,2018,Hyderabad,5798759353,2.70533903570515,Angel,30192937.2086803,100
Startup_298,Innovative startup focused on growth,Technology,https://dummyimage.com/startup_298,6409861,12630982,254,2002,Bangalore,6023301988,1.48361961640898,Crowdfunded,46746484.2953301,11.5816009616409
Startup_299,Innovative startup focused on growth,Finance,https://dummyimage.com/startup_299,89825083,454330098,395,2021,Bangalore,7968054898,2.56967093830543,Bootstrapped,7742466.29783419,100
Startup_300,Innovative startup focused on growth,Technology,https://dummyimage.com/startup_300,91197406,365666823,274,2014,Bangalore,4746751885,2.46928253881927,VC,29349511.038451,100
Startup_301,Innovative startup focused on growth,Technology,https://dummyimage.com/startup_301,56478034,296139881,339,2000,Delhi,8773185158,2.06106361617932,Bootstrapped,9230323.06833182,100
Startup_302,Innovative startup focused on growth,E-Commerce,https://dummyimage.com/startup_302,13831595,62298111,121,2006,Delhi,2416787198,1.73620282823773,VC,37513156.0897047,26.8156915828238
Startup_303,Innovative startup focused on growth,Healthcare,https://dummyimage.com/startup_303,76524262,180232243,11,2011,Bangalore,1603068227,2.94887710095439,VC,22805357.1882801,85.1942654100954
Startup_304,Innovative startup focused on growth,Healthcare,https://dummyimage.com/startup_304,78189210,190086734,141,2016,Delhi,2892347639,0.862412680949543,Angel,11645813.1659361,91.207945468095
Startup_305,Innovative startup focused on growth,Technology,https://dummyimage.com/startup_305,1448345,16586926,375,2020,Hyderabad,2899264931,2.31288931887779,Angel,14901113.0042802,13.2867047318878
Startup_306,Innovative startup focused on growth,Finance,https://dummyimage.com/startup_306,77246546,144714291,180,2019,Mumbai,3339406957,0.977976753661973,Angel,20070925.3496759,78.0107033753662
Startup_307,Innovative startup focused on growth,Healthcare,https://dummyimage.com/startup_307,75936358,82143014,332,2004,Mumbai,4178551333,1.34565776333087,Crowdfunded,10550301.0772073,61.7920131763331
Startup_308,Innovative startup focused on growth,Finance,https://dummyimage.com/startup_308,16814828,315180506,319,2003,Mumbai,8777466102,1.27174685843299,Crowdfunded,6140727.64117945,100
Startup_309,Innovative startup focused on growth,Healthcare,https://dummyimage.com/startup_309,49763532,166773731,219,2011,Bangalore,754477195,2.86758996934681,Angel,4078077.1843073,74.6042910969347
Startup_310,Innovative startup focused on growth,Finance,https://dummyimage.com/startup_310,39538877,115567717,481,2019,Delhi,4937082260,2.91839044447069,Crowdfunded,27897142.8871772,60.3977049444471
Startup_311,Innovative startup focused on growth,E-Commerce,https://dummyimage.com/startup_311,96450771,11321336,86,2017,Hyderabad,2975303857,0.957538610586818,Bootstrapped,21627908.8705538,43.7924630610587
Startup_312,Innovative startup focused on growth,Finance,https://dummyimage.com/startup_312,74851335,266094240,227,2016,Hyderabad,5331117883,0.555087900743761,Bootstrapped,24958764.2705869,100
Startup_313,Innovative startup focused on growth,E-Commerce,https://dummyimage.com/startup_313,45196734,353103420,482,2018,Bangalore,7399146480,2.30002009915778,Crowdfunded,19462053.2120636,100
Startup_314,Innovative startup focused on growth,E-Commerce,https://dummyimage.com/startup_314,90630668,123715546,376,2008,Hyderabad,7688769565,1.54497483467621,Crowdfunded,17578582.0550823,81.0414284834676
Startup_315,Innovative startup focused on growth,Finance,https://dummyimage.com/startup_315,81558427,78859104,427,2003,Hyderabad,9410583479,0.722100612718911,Bootstrapped,36849501.5751609,64.8933120612719
Startup_316,Innovative startup focused on growth,E-Commerce,https://dummyimage.com/startup_316,39503931,145020733,487,2020,Hyderabad,3618871744,2.20938526394261,VC,17669703.3035659,69.2687308263943
Startup_317,Innovative startup focused on growth,Technology,https://dummyimage.com/startup_317,20164528,342641411,406,2001,Hyderabad,8538411468,1.86276382065175,Bootstrapped,33314490.6723465,100
Startup_318,Innovative startup focused on growth,E-Commerce,https://dummyimage.com/startup_318,88580056,301173909,447,2003,Delhi,9154215189,2.95129205500277,Bootstrapped,37232883.017223,100
Startup_319,Innovative startup focused on growth,Healthcare,https://dummyimage.com/startup_319,21812709,383527297,494,2001,Hyderabad,8510288290,1.06852373965345,Crowdfunded,9422544.33060186,100
Startup_320,Innovative startup focused on growth,Finance,https://dummyimage.com/startup_320,90589817,54509641,107,2014,Mumbai,3170964768,1.50994469081637,Bootstrapped,14669983.5449785,54.8798135690816
Startup_321,Innovative startup focused on growth,Technology,https://dummyimage.com/startup_321,53203051,8583354,277,2001,Bangalore,9016336966,1.85636450848856,Crowdfunded,21270034.7632934,29.5818630508489
Startup_322,Innovative startup focused on growth,Finance,https://dummyimage.com/startup_322,40301804,20908425,18,2003,Delhi,2793985578,2.47924997113338,Crowdfunded,17011098.6966981,23.0011740971133
Startup_323,Innovative startup focused on growth,Healthcare,https://dummyimage.com/startup_323,5848287,396488096,163,2005,Hyderabad,9127597356,1.87209664180015,Angel,18835484.0739274,100
Startup_324,Innovative startup focused on growth,Healthcare,https://dummyimage.com/startup_324,52152700,443020981,156,2006,Delhi,7712747444,2.03225040215487,Bootstrapped,21384562.1603408,100
Startup_325,Innovative startup focused on growth,Healthcare,https://dummyimage.com/startup_325,44750190,307047781,487,2009,Hyderabad,3461393222,1.06536762897485,VC,22455011.8279024,100
Startup_326,Innovative startup focused on growth,E-Commerce,https://dummyimage.com/startup_326,70334164,157686220,112,2018,Mumbai,1691589823,2.6172968202214,Angel,40357470.5657092,77.9412612820221
Startup_327,Innovative startup focused on growth,E-Commerce,https://dummyimage.com/startup_327,53187215,476159710,192,2018,Bangalore,1565576748,1.57157636742619,Crowdfunded,14753347.8926373,100
Startup_328,Innovative startup focused on growth,Finance,https://dummyimage.com/startup_328,79998740,17413486,305,2021,Hyderabad,8043866829,0.852399068804423,Crowdfunded,38685841.0586791,43.4087817068804
Startup_329,Innovative startup focused on growth,Finance,https://dummyimage.com/startup_329,56257851,415259427,102,2011,Hyderabad,7926851692,2.16046978626354,VC,10507282.6971888,100
Startup_330,Innovative startup focused on growth,Technology,https://dummyimage.com/startup_330,49518372,353188268,135,2002,Hyderabad,4848253283,1.04022613296327,Crowdfunded,42348478.7538912,100
Startup_331,Innovative startup focused on growth,Technology,https://dummyimage.com/startup_331,13842659,11688727,297,2012,Hyderabad,8521518487,0.743906275598249,Bootstrapped,21974876.6184072,15.0580723275598
Startup_332,Innovative startup focused on growth,Finance,https://dummyimage.com/startup_332,98084642,447495667,175,2017,Bangalore,7954238082,2.65496727101068,Angel,21415293.9096297,100
Startup_333,Innovative startup focused on growth,E-Commerce,https://dummyimage.com/startup_333,34978002,96723191,428,2007,Bangalore,3137867512,1.6504056612211,Crowdfunded,16169597.491216,51.7331986661221
Startup_334,Innovative startup focused on growth,Healthcare,https://dummyimage.com/startup_334,3373139,10828366,478,2020,Mumbai,1970403050,2.37320928173944,Crowdfunded,56863884.1912568,14.3950863281739
Startup_335,Innovative startup focused on growth,Finance,https://dummyimage.com/startup_335,56553464,204132060,187,2014,Bangalore,9849929638,1.22646889951589,VC,7017738.06404533,87.7236504899516
Startup_336,Innovative startup focused on growth,Technology,https://dummyimage.com/startup_336,43801198,172200135,475,2000,Hyderabad,6471573279,2.46742533729417,Bootstrapped,22382192.57849,78.9272622337294
Startup_337,Innovative startup focused on growth,E-Commerce,https://dummyimage.com/startup_337,19892008,108019524,368,2002,Mumbai,5547717367,0.779839817553826,Crowdfunded,3222077.63580792,47.8006443817554
Startup_338,Innovative startup focused on growth,Finance,https://dummyimage.com/startup_338,36427853,479276764,43,2007,Mumbai,3758080160,1.38993343448713,VC,16684234.2806711,100
Startup_339,Innovative startup focused on growth,Finance,https://dummyimage.com/startup_339,57882318,448756334,19,2003,Mumbai,4767181604,2.94515454493382,Crowdfunded,26591639.6763714,100
Startup_340,Innovative startup focused on growth,E-Commerce,https://dummyimage.com/startup_340,74190814,146836355,380,2015,Hyderabad,8181544414,2.48497429092002,VC,46710846.986293,81.575729529092
Startup_341,Innovative startup focused on growth,Finance,https://dummyimage.com/startup_341,11986868,418696587,8,2022,Delhi,6022713963,1.74313982578672,VC,42396165.0658604,100
Startup_342,Innovative startup focused on growth,E-Commerce,https://dummyimage.com/startup_342,41480309,94982380,353,2009,Hyderabad,4518232833,1.34944367890471,Bootstrapped,51962961.4620621,52.2817819678905
Startup_343,Innovative startup focused on growth,Healthcare,https://dummyimage.com/startup_343,94691765,409178817,474,2011,Bangalore,8049781901,2.68033925005619,Crowdfunded,45224767.9624783,100
Startup_344,Innovative startup focused on growth,E-Commerce,https://dummyimage.com/startup_344,40521538,53411802,413,2013,Bangalore,5175963527,1.86211939771129,Bootstrapped,8871320.47752782,40.6783677397711
Startup_345,Innovative startup focused on growth,E-Commerce,https://dummyimage.com/startup_345,79815702,70353566,401,2013,Hyderabad,5306015111,2.39606254467278,VC,10402732.0067707,61.2919568544673
Startup_346,Innovative startup focused on growth,E-Commerce,https://dummyimage.com/startup_346,61972984,423808178,214,2001,Hyderabad,7821631198,2.38526920079041,Angel,14753723.4052401,100
Startup_347,Innovative startup focused on growth,Finance,https://dummyimage.com/startup_347,39673354,297131314,165,2022,Mumbai,5856711494,0.54486419642123,Crowdfunded,58314859.1899411,100
Startup_348,Innovative startup focused on growth,Finance,https://dummyimage.com/startup_348,92063625,282356195,20,2004,Hyderabad,9876499089,0.815634456981534,Angel,20923964.3746102,100
Startup_349,Innovative startup focused on growth,E-Commerce,https://dummyimage.com/startup_349,56454431,184500067,497,2004,Mumbai,8733533290,2.14907341598686,Crowdfunded,36051833.112963,88.0866998415987
Startup_350,Innovative startup focused on growth,Finance,https://dummyimage.com/startup_350,66557447,392611161,430,2005,Bangalore,4171897791,0.904049528214679,Bootstrapped,33354318.203005,100
Startup_351,Innovative startup focused on growth,Technology,https://dummyimage.com/startup_351,84845477,8726890,112,2012,Mumbai,467704871,1.13873336163901,Bootstrapped,20878387.6516496,38.9101311361639
Startup_352,Innovative startup focused on growth,Technology,https://dummyimage.com/startup_352,78982667,426327898,386,2008,Hyderabad,7487664437,2.86659488549902,Bootstrapped,3384511.30038774,100
Startup_353,Innovative startup focused on growth,Finance,https://dummyimage.com/startup_353,56860631,412011140,454,2021,Bangalore,3356292393,1.90045564593728,Bootstrapped,26294429.0142893,100
Startup_354,Innovative startup focused on growth,Finance,https://dummyimage.com/startup_354,58681017,330848467,315,2014,Delhi,7361111839,2.37682376749837,Bootstrapped,14539781.6330483,100
Startup_355,Innovative startup focused on growth,E-Commerce,https://dummyimage.com/startup_355,3667867,244085322,231,2013,Mumbai,6503028869,1.8949518469566,Angel,3848849.77358577,79.5022385846957
Startup_356,Innovative startup focused on growth,Healthcare,https://dummyimage.com/startup_356,94837987,362098493,174,2006,Bangalore,3505620755,1.88128403695681,Bootstrapped,38098325.3958796,100
Startup_357,Innovative startup focused on growth,Finance,https://dummyimage.com/startup_357,57987271,144669065,38,2019,Mumbai,4794628398,0.735379775314245,VC,21955411.7838236,67.4291658775314
Startup_358,Innovative startup focused on growth,Technology,https://dummyimage.com/startup_358,42241273,398388647,418,2001,Bangalore,5346716604,1.35915798152276,VC,42345082.4296471,100
Startup_359,Innovative startup focused on growth,E-Commerce,https://dummyimage.com/startup_359,46718843,359165029,255,2006,Bangalore,3071203213,1.20607724671628,Angel,6751636.58857261,100
Startup_360,Innovative startup focused on growth,Finance,https://dummyimage.com/startup_360,91864817,440594117,251,2005,Mumbai,6892729530,1.47682091403403,Crowdfunded,65534814.3116294,100
Startup_361,Innovative startup focused on growth,Technology,https://dummyimage.com/startup_361,69452891,112030983,273,2016,Delhi,6675259637,2.49586047056082,VC,51631454.8494813,67.1000373470561
Startup_362,Innovative startup focused on growth,Technology,https://dummyimage.com/startup_362,66432283,209721942,145,2001,Bangalore,5815705115,1.42983166979216,Crowdfunded,10855139.9269355,92.5324789669792
Startup_363,Innovative startup focused on growth,Healthcare,https://dummyimage.com/startup_363,72275364,374687086,278,2002,Bangalore,7413706299,1.62924204807921,Angel,50406893.2358637,100
Startup_364,Innovative startup focused on growth,E-Commerce,https://dummyimage.com/startup_364,25244264,163906457,420,2004,Bangalore,5558544482,1.49345347621329,Crowdfunded,7219188.04271966,67.8189880476213
Startup_365,Innovative startup focused on growth,E-Commerce,https://dummyimage.com/startup_365,43734307,311454573,100,2004,Delhi,1179770569,0.733519929938239,Crowdfunded,15905325.8647662,100
Startup_366,Innovative startup focused on growth,Healthcare,https://dummyimage.com/startup_366,75993343,494707626,231,2000,Delhi,9208147652,1.60268039562696,Crowdfunded,14496136.2161461,100
Startup_367,Innovative startup focused on growth,Healthcare,https://dummyimage.com/startup_367,68606426,122768331,383,2007,Hyderabad,5222110529,0.989023182611288,Crowdfunded,14898696.0042953,72.0319720182611
Startup_368,Innovative startup focused on growth,E-Commerce,https://dummyimage.com/startup_368,46791733,159279897,43,2011,Mumbai,9203418300,0.966808239432604,Angel,28944821.142436,67.4573431239433
Startup_369,Innovative startup focused on growth,E-Commerce,https://dummyimage.com/startup_369,5578238,371354316,306,2003,Delhi,895212538,0.735090261085666,VC,19015649.3369925,100
Startup_370,Innovative startup focused on growth,Finance,https://dummyimage.com/startup_370,21814992,61628583,33,2012,Mumbai,9619299546,1.39167743535441,Bootstrapped,38953332.4060041,28.0137394435354
Startup_371,Innovative startup focused on growth,Finance,https://dummyimage.com/startup_371,22288948,26291709,450,2022,Hyderabad,6474584386,2.39370471197354,Crowdfunded,5244558.11334325,26.0424623711974
Startup_372,Innovative startup focused on growth,Healthcare,https://dummyimage.com/startup_372,6562067,433909521,481,2014,Mumbai,5228695961,1.19110422645849,VC,58239092.7739427,100
Startup_373,Innovative startup focused on growth,Finance,https://dummyimage.com/startup_373,39791628,479692312,322,2010,Delhi,5372000062,1.28087275471378,VC,1702123.02553178,100
Startup_374,Innovative startup focused on growth,Technology,https://dummyimage.com/startup_374,91012399,26836512,249,2009,Mumbai,5165662867,2.10668664418106,Angel,31576679.3972006,49.6465818644181
Startup_375,Innovative startup focused on growth,Finance,https://dummyimage.com/startup_375,28345820,78782638,240,2002,Delhi,8750701349,0.989602031467297,VC,16851019.4289843,39.8720796031467
Startup_376,Innovative startup focused on growth,Finance,https://dummyimage.com/startup_376,36154828,435202215,189,2021,Mumbai,2394092753,2.74239482605884,Angel,41617396.956354,100
Startup_377,Innovative startup focused on growth,Technology,https://dummyimage.com/startup_377,21088365,400272618,276,2013,Delhi,1278158203,1.80047630812889,Crowdfunded,44762101.1534648,100
Startup_378,Innovative startup focused on growth,Healthcare,https://dummyimage.com/startup_378,59842658,246321163,444,2015,Delhi,4284564874,1.61900735080054,Crowdfunded,14945189.3489399,100
Startup_379,Innovative startup focused on growth,Technology,https://dummyimage.com/startup_379,44109628,440000043,240,2009,Mumbai,6771625956,1.894550479823,Bootstrapped,30668590.0056522,100
Startup_380,Innovative startup focused on growth,Finance,https://dummyimage.com/startup_380,14021573,280744867,243,2009,Hyderabad,9232300866,0.915085783540489,Bootstrapped,28434710.1011515,94.783597878354
Startup_381,Innovative startup focused on growth,Healthcare,https://dummyimage.com/startup_381,53827729,188907055,381,2011,Bangalore,2208307952,2.03368284659794,Bootstrapped,4678117.36348012,86.0265763846598
Startup_382,Innovative startup focused on growth,Finance,https://dummyimage.com/startup_382,45620658,308737923,270,2008,Hyderabad,3848302739,1.40775184158503,VC,49953921.1503883,100
Startup_383,Innovative startup focused on growth,Technology,https://dummyimage.com/startup_383,30933823,173162180,418,2000,Mumbai,6860554363,2.74296585241155,Crowdfunded,13760047.61215,72.9564797852412
Startup_384,Innovative startup focused on growth,Technology,https://dummyimage.com/startup_384,81155332,205008311,413,2004,Hyderabad,6411011808,0.922135516694215,Angel,28525812.9479163,100
Startup_385,Innovative startup focused on growth,Finance,https://dummyimage.com/startup_385,85461358,99881316,363,2019,Delhi,6286766399,1.7676277596636,Bootstrapped,21443407.0354132,71.5857007759664
Startup_386,Innovative startup focused on growth,E-Commerce,https://dummyimage.com/startup_386,56519128,354212231,344,2007,Bangalore,4615628633,1.99528157342254,Angel,39512179.5887108,100
Startup_387,Innovative startup focused on growth,E-Commerce,https://dummyimage.com/startup_387,52509697,114246334,393,2010,Mumbai,2151831252,0.583459004465953,Angel,11548609.5616387,63.1961249004466
Startup_388,Innovative startup focused on growth,Technology,https://dummyimage.com/startup_388,87966281,119279273,69,2011,Mumbai,3630959836,1.40923281189035,Bootstrapped,46720650.7348405,72.491217581189
Startup_389,Innovative startup focused on growth,Technology,https://dummyimage.com/startup_389,8136029,92253744,482,2000,Mumbai,6115992643,2.33158808675208,Crowdfunded,27143460.7376796,40.8036936086752
Startup_390,Innovative startup focused on growth,E-Commerce,https://dummyimage.com/startup_390,96837425,328656027,181,2021,Bangalore,9008115095,2.55094376862243,Bootstrapped,22274144.5784972,100
Startup_391,Innovative startup focused on growth,E-Commerce,https://dummyimage.com/startup_391,88350522,459337657,7,2019,Delhi,330249217,1.28290498704321,Angel,23927889.8992244,100
Startup_392,Innovative startup focused on growth,Finance,https://dummyimage.com/startup_392,60994988,297015752,433,2010,Mumbai,1404963614,2.49648318095688,Bootstrapped,36754598.9435575,100
Startup_393,Innovative startup focused on growth,Finance,https://dummyimage.com/startup_393,37869124,212014645,146,2004,Hyderabad,4368845844,2.91938969275847,Angel,10498388.9670809,81.9639820692759
Startup_394,Innovative startup focused on growth,E-Commerce,https://dummyimage.com/startup_394,22496823,333091442,380,2014,Mumbai,9198680176,2.64218484018774,Angel,29878034.2541124,100
Startup_395,Innovative startup focused on growth,Finance,https://dummyimage.com/startup_395,7285088,479649372,162,2004,Mumbai,7678226896,0.794109970398313,Bootstrapped,28861107.1689789,100
Startup_396,Innovative startup focused on growth,Finance,https://dummyimage.com/startup_396,50907857,448737293,328,2011,Mumbai,6639399243,2.34932583021385,VC,31007857.8913417,100
Startup_397,Innovative startup focused on growth,Healthcare,https://dummyimage.com/startup_397,80569119,255979367,150,2004,Mumbai,6296439534,1.29916708110136,Bootstrapped,44594841.7806745,100
Startup_398,Innovative startup focused on growth,Finance,https://dummyimage.com/startup_398,72021806,389435240,450,2016,Delhi,8647119184,2.97103997353019,VC,35262497.5526912,100
Startup_399,Innovative startup focused on growth,Technology,https://dummyimage.com/startup_399,8468810,218190101,297,2016,Hyderabad,2767292043,1.71339745789972,Angel,40776291.2533157,74.95589404579
Startup_400,Innovative startup focused on growth,Finance,https://dummyimage.com/startup_400,2635156,154271050,157,2011,Delhi,3278659381,0.806084745897353,Angel,2801997.02849282,50.5559858745897
Startup_401,Innovative startup focused on growth,Finance,https://dummyimage.com/startup_401,26301054,326727638,436,2014,Hyderabad,9582376845,2.31296387006848,VC,63619980.7457214,100
Startup_402,Innovative startup focused on growth,E-Commerce,https://dummyimage.com/startup_402,78264088,487353709,197,2014,Mumbai,5301313620,1.30752799596553,Angel,21450018.0692019,100
Startup_403,Innovative startup focused on growth,Technology,https://dummyimage.com/startup_403,6001045,477337764,441,2005,Bangalore,2936517266,2.99269539270415,VC,37358963.9592485,100
Startup_404,Innovative startup focused on growth,Finance,https://dummyimage.com/startup_404,72572282,472764372,498,2011,Delhi,774555072,2.94945614463631,VC,30620759.8288107,100
Startup_405,Innovative startup focused on growth,Finance,https://dummyimage.com/startup_405,29267184,175034265,467,2019,Bangalore,9436458105,2.14033504505145,Angel,15662976.9932519,73.7711866045052
Startup_406,Innovative startup focused on growth,Healthcare,https://dummyimage.com/startup_406,5345760,382814381,77,2017,Delhi,422401182,0.824566122379294,Crowdfunded,22527503.7132504,100
Startup_407,Innovative startup focused on growth,Finance,https://dummyimage.com/startup_407,24930984,264371171,403,2013,Mumbai,4406459450,2.21715249418757,VC,5511089.97346048,97.5654601494188
Startup_408,Innovative startup focused on growth,Finance,https://dummyimage.com/startup_408,37805730,376770070,309,2001,Delhi,6945366946,0.732576216150068,Bootstrapped,54594228.5868446,100
Startup_409,Innovative startup focused on growth,Healthcare,https://dummyimage.com/startup_409,39019582,197889400,381,2008,Mumbai,1350949136,0.573410397755981,Bootstrapped,18929723.5511758,82.6519938397756
Startup_410,Innovative startup focused on growth,E-Commerce,https://dummyimage.com/startup_410,59720660,353816128,348,2004,Delhi,5389150149,2.55739611555372,Angel,41231910.0941956,100
Startup_411,Innovative startup focused on growth,Finance,https://dummyimage.com/startup_411,56229238,264901109,456,2019,Mumbai,7431319481,1.0243823692092,Crowdfunded,25650378.0738369,100
Startup_412,Innovative startup focused on growth,Healthcare,https://dummyimage.com/startup_412,91075653,81908854,144,2000,Mumbai,2050049698,1.44756781554774,Angel,12155737.7901111,64.0276741815548
Startup_413,Innovative startup focused on growth,Technology,https://dummyimage.com/startup_413,19100699,440785842,191,2022,Hyderabad,3052295757,2.93364347494043,Crowdfunded,21601074.9111703,100
Startup_414,Innovative startup focused on growth,E-Commerce,https://dummyimage.com/startup_414,2722320,393024999,297,2002,Mumbai,8363135031,1.34210125465276,VC,10367945.6755596,100
Startup_415,Innovative startup focused on growth,Technology,https://dummyimage.com/startup_415,14298372,464402894,65,2005,Hyderabad,4110075517,1.24122445320829,VC,21482416.3738512,100
Startup_416,Innovative startup focused on growth,Technology,https://dummyimage.com/startup_416,30702914,104090836,489,2004,Mumbai,1925957977,2.79551999905694,VC,41607314.8789886,53.5679683999057
Startup_417,Innovative startup focused on growth,Healthcare,https://dummyimage.com/startup_417,98278998,19492846,431,2020,Bangalore,2438877621,0.776871113297395,VC,904757.143802484,53.8571401113297
Startup_418,Innovative startup focused on growth,Finance,https://dummyimage.com/startup_418,82550308,236199432,384,2004,Mumbai,2881569954,2.39895602528658,Bootstrapped,28953702.7169752,100
Startup_419,Innovative startup focused on growth,Healthcare,https://dummyimage.com/startup_419,32657524,366919368,202,2000,Bangalore,8296564761,2.97016391663194,Bootstrapped,16072966.4293553,100
Startup_420,Innovative startup focused on growth,Healthcare,https://dummyimage.com/startup_420,32206052,347087625,299,2016,Bangalore,3650353803,2.75324002693662,Angel,34068462.9967054,100
Startup_421,Innovative startup focused on growth,Healthcare,https://dummyimage.com/startup_421,31413513,228003827,444,2018,Mumbai,406702926,2.12916979676606,Crowdfunded,27393926.5829587,90.0594702796766
Startup_422,Innovative startup focused on growth,Healthcare,https://dummyimage.com/startup_422,26329097,163306360,323,2013,Bangalore,5634540349,1.28515198748183,VC,9089568.67450645,66.1120619987482
Startup_423,Innovative startup focused on growth,E-Commerce,https://dummyimage.com/startup_423,13243026,20894388,306,2011,Hyderabad,4929062179,1.13580495294579,VC,39977442.5519441,17.7991072952946
Startup_424,Innovative startup focused on growth,Finance,https://dummyimage.com/startup_424,96927380,446480601,348,2009,Delhi,7352816758,2.54813776217865,Crowdfunded,4294078.78186356,100
Startup_425,Innovative startup focused on growth,Technology,https://dummyimage.com/startup_425,57024141,359626216,15,2019,Mumbai,7400300577,2.69955478487924,Crowdfunded,15393021.1084011,100
Startup_426,Innovative startup focused on growth,Technology,https://dummyimage.com/startup_426,76356616,491774306,66,2020,Bangalore,8443730920,1.81358728136423,Angel,48736758.7788344,100
Startup_427,Innovative startup focused on growth,Finance,https://dummyimage.com/startup_427,18864557,100508798,337,2017,Mumbai,6515801613,1.11084985196617,Crowdfunded,20615589.095174,44.5495471851966
Startup_428,Innovative startup focused on growth,Technology,https://dummyimage.com/startup_428,7195200,170670899,230,2010,Hyderabad,9035429720,0.782358021027934,VC,27912116.1421498,58.7575855021028
Startup_429,Innovative startup focused on growth,Finance,https://dummyimage.com/startup_429,72086130,161612888,157,2001,Mumbai,1175321966,0.717948669579578,VC,2548520.99369322,80.530113266958
Startup_430,Innovative startup focused on growth,Technology,https://dummyimage.com/startup_430,54363404,488556697,203,2017,Mumbai,492245997,2.29769361838464,VC,34535588.4541889,100
Startup_431,Innovative startup focused on growth,Healthcare,https://dummyimage.com/startup_431,85729603,193653386,56,2006,Bangalore,4183595988,1.55029681961931,VC,30163269.5476469,93.6628866819619
Startup_432,Innovative startup focused on growth,Technology,https://dummyimage.com/startup_432,43489277,206987621,264,2014,Hyderabad,9847475630,2.76339968569468,VC,7849221.99597942,85.0483370685695
Startup_433,Innovative startup focused on growth,Finance,https://dummyimage.com/startup_433,14832640,414802881,63,2010,Delhi,3348149900,2.34917825181691,Angel,20506756.4095236,100
Startup_434,Innovative startup focused on growth,Finance,https://dummyimage.com/startup_434,67360176,390554054,76,2017,Delhi,7193179263,0.978151044786467,VC,24791029.4895488,100
Startup_435,Innovative startup focused on growth,Finance,https://dummyimage.com/startup_435,31061031,417410833,152,2022,Bangalore,8329469952,2.03444354703925,Angel,42369573.6380554,100
Startup_436,Innovative startup focused on growth,Finance,https://dummyimage.com/startup_436,68201057,455566362,353,2011,Mumbai,6908938880,1.5887636359954,VC,47943897.1029704,100
Startup_437,Innovative startup focused on growth,Finance,https://dummyimage.com/startup_437,62902171,484189153,67,2005,Bangalore,4786850445,1.94312432692153,Bootstrapped,20711397.8144956,100
Startup_438,Innovative startup focused on growth,E-Commerce,https://dummyimage.com/startup_438,81197726,187636634,314,2019,Bangalore,5889448659,2.34517280834629,Bootstrapped,33804038.4090171,95.2845978808346
Startup_439,Innovative startup focused on growth,E-Commerce,https://dummyimage.com/startup_439,86072967,332648528,377,2022,Bangalore,5826515966,2.51548970250948,Bootstrapped,41670326.2909051,100
Startup_440,Innovative startup focused on growth,Technology,https://dummyimage.com/startup_440,96282726,374955199,247,2012,Mumbai,2978201524,2.60934331601681,Bootstrapped,43400190.5005017,100
Startup_441,Innovative startup focused on growth,Finance,https://dummyimage.com/startup_441,66812633,428799466,497,2019,Hyderabad,3783935600,1.13493718643006,Angel,55473691.4625728,100
Startup_442,Innovative startup focused on growth,Technology,https://dummyimage.com/startup_442,88220897,142075386,370,2015,Bangalore,5811463258,0.577788999793394,Angel,16100510.0508196,85.3687534999794
Startup_443,Innovative startup focused on growth,Finance,https://dummyimage.com/startup_443,33043445,333600171,334,2017,Mumbai,7374273035,2.34823683791193,Crowdfunded,36749178.8039866,100
Startup_444,Innovative startup focused on growth,Finance,https://dummyimage.com/startup_444,96856757,163132730,111,2009,Hyderabad,9927820607,0.765859315639436,VC,30960214.3270894,89.9791077315639
Startup_445,Innovative startup focused on growth,E-Commerce,https://dummyimage.com/startup_445,82052418,69105394,230,2022,Bangalore,8454542654,1.28729897153242,Bootstrapped,51910964.837241,58.2813152971533
Startup_446,Innovative startup focused on growth,E-Commerce,https://dummyimage.com/startup_446,87601594,221705431,317,2007,Delhi,2462646960,0.509542835310868,Angel,48002871.5582018,100
Startup_447,Innovative startup focused on growth,Healthcare,https://dummyimage.com/startup_447,37213003,334426712,222,2017,Hyderabad,2053462417,2.20417370600405,VC,20227536.6406863,100
Startup_448,Innovative startup focused on growth,E-Commerce,https://dummyimage.com/startup_448,17689088,175003379,429,2020,Bangalore,5745808194,0.917830028678053,VC,24201986.0872363,68.2484319028678
Startup_449,Innovative startup focused on growth,Healthcare,https://dummyimage.com/startup_449,89720437,189658373,245,2000,Hyderabad,1488450337,2.13820602422915,Angel,10194211.039509,97.8995073024229
Startup_450,Innovative startup focused on growth,Healthcare,https://dummyimage.com/startup_450,8102173,146509876,263,2022,Hyderabad,4343939720,2.9793565429196,Bootstrapped,32173791.5306606,52.751767654292
Startup_451,Innovative startup focused on growth,Healthcare,https://dummyimage.com/startup_451,46388538,172136855,380,2007,Hyderabad,6725389037,0.681677179025041,Crowdfunded,17246234.1514086,77.8646394179025
Startup_452,Innovative startup focused on growth,Healthcare,https://dummyimage.com/startup_452,39720111,265025248,266,2005,Hyderabad,1874884818,0.692695029878652,VC,4173427.64047927,100
Startup_453,Innovative startup focused on growth,Healthcare,https://dummyimage.com/startup_453,49515838,483728112,9,2004,Hyderabad,9495595474,1.35095023166669,Crowdfunded,18094387.3027825,100
Startup_454,Innovative startup focused on growth,Technology,https://dummyimage.com/startup_454,62356950,131978076,265,2014,Hyderabad,7643865915,2.66596628562836,Bootstrapped,9508394.26132493,70.1027994285628
Startup_455,Innovative startup focused on growth,E-Commerce,https://dummyimage.com/startup_455,23064334,347124350,58,2021,Bangalore,7081077394,1.03882467197833,Bootstrapped,7512417.3972041,100
Startup_456,Innovative startup focused on growth,Healthcare,https://dummyimage.com/startup_456,15681316,119485994,51,2014,Delhi,3364134512,1.40094454982587,Crowdfunded,2108780.58683614,43.2784190549826
Startup_457,Innovative startup focused on growth,Finance,https://dummyimage.com/startup_457,62681549,32199893,219,2001,Mumbai,5269243284,0.671263516567449,Bootstrapped,6808913.30698292,39.1797138516568
Startup_458,Innovative startup focused on growth,E-Commerce,https://dummyimage.com/startup_458,72209537,409439449,181,2000,Hyderabad,2458880404,2.40788822814722,VC,13596273.4067877,100
Startup_459,Innovative startup focused on growth,E-Commerce,https://dummyimage.com/startup_459,49840101,57240283,13,2022,Mumbai,8379291478,1.52076585689863,Crowdfunded,26382297.9996036,37.5202018856899
Startup_460,Innovative startup focused on growth,Healthcare,https://dummyimage.com/startup_460,63468859,377586097,103,2022,Bangalore,7393928340,2.39812183265211,Bootstrapped,16946381.8201743,100
Startup_461,Innovative startup focused on growth,Technology,https://dummyimage.com/startup_461,51305761,166516756,24,2010,Hyderabad,621521078,2.75901961086699,Crowdfunded,8624628.07927167,71.2332331610867
Startup_462,Innovative startup focused on growth,Healthcare,https://dummyimage.com/startup_462,30367077,66170480,382,2009,Delhi,9717709372,1.08190786775322,VC,21795099.4805171,39.7461655867753
Startup_463,Innovative startup focused on growth,Technology,https://dummyimage.com/startup_463,62580593,228787718,245,2017,Mumbai,5075196341,2.51849007584988,Bootstrapped,8120697.17624684,98.820401607585
Startup_464,Innovative startup focused on growth,Finance,https://dummyimage.com/startup_464,51011985,432821648,65,2017,Hyderabad,2465835550,0.647734725195633,VC,6799199.27158553,100
Startup_465,Innovative startup focused on growth,E-Commerce,https://dummyimage.com/startup_465,75062621,370669203,383,2016,Bangalore,6766869046,2.74711847045062,Bootstrapped,19303473.7755594,100
Startup_466,Innovative startup focused on growth,Finance,https://dummyimage.com/startup_466,33843745,361729960,494,2007,Delhi,500330495,2.12692136889687,Angel,30881813.1839438,100
Startup_467,Innovative startup focused on growth,Technology,https://dummyimage.com/startup_467,20350835,102630640,423,2014,Mumbai,4021003983,2.68556681034588,Bootstrapped,48393321.6784813,47.6580826810346
Startup_468,Innovative startup focused on growth,Technology,https://dummyimage.com/startup_468,70562616,247124691,182,2007,Mumbai,9194447843,0.500470998891455,Crowdfunded,6219484.99067939,100
Startup_469,Innovative startup focused on growth,Finance,https://dummyimage.com/startup_469,61084389,171184309,342,2016,Hyderabad,3674027737,0.922702675889981,Bootstrapped,32292362.317244,82.721318567589
Startup_470,Innovative startup focused on growth,Technology,https://dummyimage.com/startup_470,58597408,476160917,66,2011,Delhi,7472755146,1.47439846856623,VC,10109357.6937795,100
Startup_471,Innovative startup focused on growth,Finance,https://dummyimage.com/startup_471,11320855,367574043,149,2007,Delhi,5569318275,1.4487572584368,VC,27720564.3963984,100
Startup_472,Innovative startup focused on growth,E-Commerce,https://dummyimage.com/startup_472,19130254,151623294,220,2013,Delhi,7980079328,1.06682595730878,Bootstrapped,1403737.99424892,57.6457723957309
Startup_473,Innovative startup focused on growth,Finance,https://dummyimage.com/startup_473,93525563,256391079,7,2003,Delhi,8605085936,1.454029849668,Crowdfunded,22220602.5136727,100
Startup_474,Innovative startup focused on growth,E-Commerce,https://dummyimage.com/startup_474,72766557,10427504,164,2000,Bangalore,5441783555,0.822121780000637,Angel,31942339.5113827,35.5970861780001
Startup_475,Innovative startup focused on growth,Finance,https://dummyimage.com/startup_475,80945266,214012806,231,2000,Delhi,2467665472,1.53190282316507,Crowdfunded,17159286.2519582,100
Startup_476,Innovative startup focused on growth,Technology,https://dummyimage.com/startup_476,44558992,410675520,490,2018,Mumbai,1747489402,2.50588582289816,Angel,17892079.1674685,100
Startup_477,Innovative startup focused on growth,Finance,https://dummyimage.com/startup_477,52628164,258427167,273,2015,Mumbai,3876677517,1.69767515775838,VC,12453244.9508527,100
Startup_478,Innovative startup focused on growth,Technology,https://dummyimage.com/startup_478,66377052,289091276,124,2013,Bangalore,3810967433,0.545000222363038,Crowdfunded,23064374.6373131,100
Startup_479,Innovative startup focused on growth,Finance,https://dummyimage.com/startup_479,95804867,96855581,385,2020,Mumbai,6177131430,1.55361010394812,Angel,36298739.7907813,75.2339821103948
Startup_480,Innovative startup focused on growth,Finance,https://dummyimage.com/startup_480,94831305,223431666,499,2015,Mumbai,6575684019,0.56793754022711,Bootstrapped,20123814.2314943,100
Startup_481,Innovative startup focused on growth,Healthcare,https://dummyimage.com/startup_481,88349431,365666746,93,2004,Delhi,3624233168,2.915608526767,VC,5595955.90213333,100
Startup_482,Innovative startup focused on growth,Technology,https://dummyimage.com/startup_482,82251088,214812151,333,2008,Mumbai,9904718777,0.818634898557172,Bootstrapped,35906673.5045131,100
Startup_483,Innovative startup focused on growth,Healthcare,https://dummyimage.com/startup_483,36409403,100017426,72,2001,Bangalore,5033179746,2.26922081582655,VC,43265138.8997546,46.2359110815827
Startup_484,Innovative startup focused on growth,Technology,https://dummyimage.com/startup_484,17045907,427863933,402,2017,Delhi,6708153267,2.93194080723021,Crowdfunded,30211322.0404679,100
Startup_485,Innovative startup focused on growth,Healthcare,https://dummyimage.com/startup_485,93924887,345197151,361,2005,Hyderabad,5877263354,2.56509762916643,Crowdfunded,21685738.3027457,100
Startup_486,Innovative startup focused on growth,E-Commerce,https://dummyimage.com/startup_486,63754884,401427677,102,2008,Delhi,6728981661,2.24828843781551,VC,24838887.072888,100
Startup_487,Innovative startup focused on growth,Finance,https://dummyimage.com/startup_487,49458273,283126620,271,2000,Bangalore,3095732958,2.59865227375192,VC,34242619.248543,100
Startup_488,Innovative startup focused on growth,Technology,https://dummyimage.com/startup_488,16734209,157979628,109,2008,Delhi,6850819485,2.95449673315157,VC,11442332.6728825,56.5630216733152
Startup_489,Innovative startup focused on growth,Technology,https://dummyimage.com/startup_489,70800140,12707868,444,2015,Delhi,7725905455,2.05336124313382,Crowdfunded,17097037.6238315,41.2177525243134
Startup_490,Innovative startup focused on growth,Finance,https://dummyimage.com/startup_490,93903549,417899357,327,2012,Bangalore,4582431018,1.89796201707332,Angel,3856107.9917634,100
Startup_491,Innovative startup focused on growth,Technology,https://dummyimage.com/startup_491,37081386,372793039,127,2008,Delhi,7593451569,2.0705952761582,Bootstrapped,27955950.3305997,100
Startup_492,Innovative startup focused on growth,Technology,https://dummyimage.com/startup_492,74658410,279490535,480,2020,Bangalore,7879941999,1.83168971690389,Bootstrapped,35735986.0456009,100
Startup_493,Innovative startup focused on growth,Healthcare,https://dummyimage.com/startup_493,92893487,376610386,33,2012,Bangalore,4312581851,2.0877227647743,Crowdfunded,21878357.9340949,100
Startup_494,Innovative startup focused on growth,Technology,https://dummyimage.com/startup_494,58395058,283216465,141,2008,Hyderabad,258998032,1.6246055199314,Bootstrapped,9845590.47584206,100
Startup_495,Innovative startup focused on growth,E-Commerce,https://dummyimage.com/startup_495,26827438,190170432,199,2010,Mumbai,6929772942,1.04610795720827,VC,7840790.71802186,71.8667155957208
Startup_496,Innovative startup focused on growth,E-Commerce,https://dummyimage.com/startup_496,17663288,110640269,413,2003,Mumbai,3835334423,0.800618066279189,Angel,30846596.0445059,48.5974577066279
Startup_497,Innovative startup focused on growth,Finance,https://dummyimage.com/startup_497,98148566,383506354,230,2001,Delhi,1991100776,0.670852338830651,Bootstrapped,28476893.898575,100
Startup_498,Innovative startup focused on growth,Technology,https://dummyimage.com/startup_498,14081782,337247982,336,2005,Delhi,2062491159,1.158289459383,Angel,23129089.7708885,100
Startup_499,Innovative startup focused on growth,Finance,https://dummyimage.com/startup_499,96632207,119746097,174,2013,Hyderabad,3202872611,0.615308910839335,VC,37599249.2839259,78.1182427910839
